Country,Code,Year,Renew_Gwrt
South Africa,ZAF,1966,11.538
South Africa,ZAF,1967,4.388
South Africa,ZAF,1968,16.971
South Africa,ZAF,1969,16.699
South Africa,ZAF,1970,25.02
South Africa,ZAF,1971,-5.259
South Africa,ZAF,1972,13.832
South Africa,ZAF,1973,5.764
South Africa,ZAF,1974,13.728
South Africa,ZAF,1975,5.714
South Africa,ZAF,1976,10.801
South Africa,ZAF,1977,9.85
South Africa,ZAF,1978,0.833
South Africa,ZAF,1979,7.02
South Africa,ZAF,1980,-2.507
South Africa,ZAF,1981,3.9
South Africa,ZAF,1982,0.062
South Africa,ZAF,1983,-9.843
South Africa,ZAF,1984,-1.656
South Africa,ZAF,1985,11.168
South Africa,ZAF,1986,4.195
South Africa,ZAF,1987,-4.034
South Africa,ZAF,1988,9.062
South Africa,ZAF,1989,4.931
South Africa,ZAF,1990,1.981
South Africa,ZAF,1991,5.893
South Africa,ZAF,1992,-4.484
South Africa,ZAF,1993,-1.848
South Africa,ZAF,1994,1.427
South Africa,ZAF,1995,4.063
South Africa,ZAF,1996,4.585
South Africa,ZAF,1997,2.618
South Africa,ZAF,1998,4.795
South Africa,ZAF,1999,5.884
South Africa,ZAF,2000,7.326
South Africa,ZAF,2001,6.93
South Africa,ZAF,2002,4.463
South Africa,ZAF,2003,-2.757
South Africa,ZAF,2004,5.283
South Africa,ZAF,2005,1.229
South Africa,ZAF,2006,3.665
South Africa,ZAF,2007,2.09
South Africa,ZAF,2008,1.637
South Africa,ZAF,2009,2.511
South Africa,ZAF,2010,7.663
South Africa,ZAF,2011,2.55
South Africa,ZAF,2012,0.397
South Africa,ZAF,2013,6.059
South Africa,ZAF,2014,7.128
South Africa,ZAF,2015,1.788
South Africa,ZAF,2016,-0.718
South Africa,ZAF,2017,7.71
South Africa,ZAF,2018,7.199
South Africa,ZAF,2019,8.978
Algeria,DZA,1966,-11.25
Algeria,DZA,1967,15.493
Algeria,DZA,1968,37.317
Algeria,DZA,1969,-35.879
Algeria,DZA,1970,60.665
Algeria,DZA,1971,-43.103
Algeria,DZA,1972,50
Algeria,DZA,1973,51.919
Algeria,DZA,1974,-33.91
Algeria,DZA,1975,-34.004
Algeria,DZA,1976,18.598
Algeria,DZA,1977,-30.848
Algeria,DZA,1978,-7.063
Algeria,DZA,1979,16.4
Algeria,DZA,1980,-11.684
Algeria,DZA,1981,42.412
Algeria,DZA,1982,30.874
Algeria,DZA,1983,-50.939
Algeria,DZA,1984,92.34
Algeria,DZA,1985,42.92
Algeria,DZA,1986,-61.3
Algeria,DZA,1987,99.6
Algeria,DZA,1988,-63.327
Algeria,DZA,1989,23.497
Algeria,DZA,1990,-40.265
Algeria,DZA,1991,117.037
Algeria,DZA,1992,-32.082
Algeria,DZA,1993,77.387
Algeria,DZA,1994,-52.975
Algeria,DZA,1995,16.265
Algeria,DZA,1996,-30.052
Algeria,DZA,1997,-44.444
Algeria,DZA,1998,186.667
Algeria,DZA,1999,-5.581
Algeria,DZA,2000,-73.399
Algeria,DZA,2001,26.948
Algeria,DZA,2002,-17.924
Algeria,DZA,2003,361.932
Algeria,DZA,2004,-5.886
Algeria,DZA,2005,119.835
Algeria,DZA,2006,-61.06
Algeria,DZA,2007,3.211
Algeria,DZA,2008,24.443
Algeria,DZA,2009,20.102
Algeria,DZA,2010,-47.081
Algeria,DZA,2011,116.202
Algeria,DZA,2012,4.313
Algeria,DZA,2013,-69.491
Algeria,DZA,2014,97.868
Algeria,DZA,2015,-13.119
Algeria,DZA,2016,50.479
Algeria,DZA,2017,71.281
Algeria,DZA,2018,25.342
Algeria,DZA,2019,5.978
Argentina,ARG,1966,1.306
Argentina,ARG,1967,2.417
Argentina,ARG,1968,17.86
Argentina,ARG,1969,-10.28
Argentina,ARG,1970,19.237
Argentina,ARG,1971,-0.541
Argentina,ARG,1972,-1.601
Argentina,ARG,1973,94.028
Argentina,ARG,1974,66.875
Argentina,ARG,1975,3.502
Argentina,ARG,1976,-3.667
Argentina,ARG,1977,14.944
Argentina,ARG,1978,34.129
Argentina,ARG,1979,37.64
Argentina,ARG,1980,41.751
Argentina,ARG,1981,-3.089
Argentina,ARG,1982,19.846
Argentina,ARG,1983,4.904
Argentina,ARG,1984,7.658
Argentina,ARG,1985,3.864
Argentina,ARG,1986,1.768
Argentina,ARG,1987,3.945
Argentina,ARG,1988,-30.958
Argentina,ARG,1989,-13.658
Argentina,ARG,1990,37.437
Argentina,ARG,1991,-9.243
Argentina,ARG,1992,21.815
Argentina,ARG,1993,19.023
Argentina,ARG,1994,18.718
Argentina,ARG,1995,1.714
Argentina,ARG,1996,-7.936
Argentina,ARG,1997,27.309
Argentina,ARG,1998,-1.708
Argentina,ARG,1999,-17.324
Argentina,ARG,2000,27.663
Argentina,ARG,2001,21.707
Argentina,ARG,2002,-1.045
Argentina,ARG,2003,-5.841
Argentina,ARG,2004,-10.027
Argentina,ARG,2005,10.622
Argentina,ARG,2006,11.064
Argentina,ARG,2007,-13.541
Argentina,ARG,2008,-1.741
Argentina,ARG,2009,8.608
Argentina,ARG,2010,4.805
Argentina,ARG,2011,0.247
Argentina,ARG,2012,-3.515
Argentina,ARG,2013,9.366
Argentina,ARG,2014,1.478
Argentina,ARG,2015,2.419
Argentina,ARG,2016,-7.564
Argentina,ARG,2017,9.488
Argentina,ARG,2018,0.968
Argentina,ARG,2019,-0.788
Australia,AUS,1966,-4.467
Australia,AUS,1967,3.496
Australia,AUS,1968,4.264
Australia,AUS,1969,8.899
Australia,AUS,1970,16.359
Australia,AUS,1971,12.834
Australia,AUS,1972,0.534
Australia,AUS,1973,6.681
Australia,AUS,1974,13.301
Australia,AUS,1975,7.508
Australia,AUS,1976,-4.806
Australia,AUS,1977,-4.542
Australia,AUS,1978,7.925
Australia,AUS,1979,-2.761
Australia,AUS,1980,-5.54
Australia,AUS,1981,3.023
Australia,AUS,1982,-6.895
Australia,AUS,1983,-5.507
Australia,AUS,1984,8.063
Australia,AUS,1985,6.115
Australia,AUS,1986,0.62
Australia,AUS,1987,-2.775
Australia,AUS,1988,6.97
Australia,AUS,1989,-0.012
Australia,AUS,1990,3.023
Australia,AUS,1991,5.538
Australia,AUS,1992,1.497
Australia,AUS,1993,2.707
Australia,AUS,1994,-1.196
Australia,AUS,1995,-2.281
Australia,AUS,1996,2.808
Australia,AUS,1997,0.236
Australia,AUS,1998,-0.324
Australia,AUS,1999,3.343
Australia,AUS,2000,0.218
Australia,AUS,2001,-2.205
Australia,AUS,2002,3.335
Australia,AUS,2003,3.321
Australia,AUS,2004,3.09
Australia,AUS,2005,6.445
Australia,AUS,2006,2.923
Australia,AUS,2007,0.101
Australia,AUS,2008,2.768
Australia,AUS,2009,10.972
Australia,AUS,2010,17.285
Australia,AUS,2011,29.467
Australia,AUS,2012,-3.616
Australia,AUS,2013,12.556
Australia,AUS,2014,-7.676
Australia,AUS,2015,5.729
Australia,AUS,2016,11.68
Australia,AUS,2017,-4.653
Australia,AUS,2018,23.903
Australia,AUS,2019,9.634
Austria,AUT,1966,7.76
Austria,AUT,1967,2.118
Austria,AUT,1968,2.752
Austria,AUT,1969,-8.067
Austria,AUT,1970,27.346
Austria,AUT,1971,-20.994
Austria,AUT,1972,2.779
Austria,AUT,1973,11.115
Austria,AUT,1974,18.236
Austria,AUT,1975,4.768
Austria,AUT,1976,-13.572
Austria,AUT,1977,21.177
Austria,AUT,1978,0.08
Austria,AUT,1979,12.654
Austria,AUT,1980,3.606
Austria,AUT,1981,5.968
Austria,AUT,1982,0.159
Austria,AUT,1983,-0.939
Austria,AUT,1984,-12.274
Austria,AUT,1985,14.621
Austria,AUT,1986,4.602
Austria,AUT,1987,12.744
Austria,AUT,1988,0.158
Austria,AUT,1989,-0.452
Austria,AUT,1990,-9.696
Austria,AUT,1991,0.063
Austria,AUT,1992,10.739
Austria,AUT,1993,5.233
Austria,AUT,1994,-3.043
Austria,AUT,1995,5.49
Austria,AUT,1996,-7.995
Austria,AUT,1997,5.677
Austria,AUT,1998,3.208
Austria,AUT,1999,8.453
Austria,AUT,2000,2.57
Austria,AUT,2001,-3.213
Austria,AUT,2002,-1.436
Austria,AUT,2003,-16.351
Austria,AUT,2004,11.878
Austria,AUT,2005,2.808
Austria,AUT,2006,1.066
Austria,AUT,2007,5.844
Austria,AUT,2008,3.469
Austria,AUT,2009,5.816
Austria,AUT,2010,-5.112
Austria,AUT,2011,-9.205
Austria,AUT,2012,23.18
Austria,AUT,2013,-2.585
Austria,AUT,2014,-0.455
Austria,AUT,2015,-4.639
Austria,AUT,2016,5.373
Austria,AUT,2017,-0.818
Austria,AUT,2018,-2.416
Austria,AUT,2019,7.989
Azerbaijan,AZE,1986,-38.721
Azerbaijan,AZE,1987,0
Azerbaijan,AZE,1988,-13.187
Azerbaijan,AZE,1989,0
Azerbaijan,AZE,1990,137.446
Azerbaijan,AZE,1991,6.11
Azerbaijan,AZE,1992,-0.682
Azerbaijan,AZE,1993,38.843
Azerbaijan,AZE,1994,-24.567
Azerbaijan,AZE,1995,-14.973
Azerbaijan,AZE,1996,-1.221
Azerbaijan,AZE,1997,11.386
Azerbaijan,AZE,1998,13.96
Azerbaijan,AZE,1999,-22.809
Azerbaijan,AZE,2000,1.859
Azerbaijan,AZE,2001,-15.74
Azerbaijan,AZE,2002,54.263
Azerbaijan,AZE,2003,21.493
Azerbaijan,AZE,2004,10.828
Azerbaijan,AZE,2005,8.543
Azerbaijan,AZE,2006,-16.855
Azerbaijan,AZE,2007,-6.703
Azerbaijan,AZE,2008,-6.17
Azerbaijan,AZE,2009,2.878
Azerbaijan,AZE,2010,48.265
Azerbaijan,AZE,2011,-22.842
Azerbaijan,AZE,2012,-32.358
Azerbaijan,AZE,2013,-14.974
Azerbaijan,AZE,2014,-11.179
Azerbaijan,AZE,2015,24.093
Azerbaijan,AZE,2016,20.407
Azerbaijan,AZE,2017,-10.687
Azerbaijan,AZE,2018,3.603
Azerbaijan,AZE,2019,-7.769
Bangladesh,BGD,1973,89.143
Bangladesh,BGD,1974,-26.586
Bangladesh,BGD,1975,79.424
Bangladesh,BGD,1976,13.303
Bangladesh,BGD,1977,-11.538
Bangladesh,BGD,1978,15.789
Bangladesh,BGD,1979,16.008
Bangladesh,BGD,1980,-0.681
Bangladesh,BGD,1981,7.204
Bangladesh,BGD,1982,-16.32
Bangladesh,BGD,1983,26.577
Bangladesh,BGD,1984,35.498
Bangladesh,BGD,1985,-17.614
Bangladesh,BGD,1986,-39.107
Bangladesh,BGD,1987,14.889
Bangladesh,BGD,1988,30.561
Bangladesh,BGD,1989,36.296
Bangladesh,BGD,1990,-3.913
Bangladesh,BGD,1991,-5.204
Bangladesh,BGD,1992,-5.012
Bangladesh,BGD,1993,-23.618
Bangladesh,BGD,1994,39.309
Bangladesh,BGD,1995,-56.08
Bangladesh,BGD,1996,98.656
Bangladesh,BGD,1997,-2.706
Bangladesh,BGD,1998,20.306
Bangladesh,BGD,1999,-3.699
Bangladesh,BGD,2000,-10.084
Bangladesh,BGD,2001,31.716
Bangladesh,BGD,2002,-25.049
Bangladesh,BGD,2003,-0.535
Bangladesh,BGD,2004,-0.504
Bangladesh,BGD,2005,-0.434
Bangladesh,BGD,2006,-0.153
Bangladesh,BGD,2007,-0.152
Bangladesh,BGD,2008,26.657
Bangladesh,BGD,2009,-53.989
Bangladesh,BGD,2010,73.05
Bangladesh,BGD,2011,19.526
Bangladesh,BGD,2012,-7.119
Bangladesh,BGD,2013,-1.621
Bangladesh,BGD,2014,-14.744
Bangladesh,BGD,2015,48.033
Bangladesh,BGD,2016,-0.467
Bangladesh,BGD,2017,17.911
Bangladesh,BGD,2018,-11.202
Bangladesh,BGD,2019,6.452
Belarus,BLR,1986,0
Belarus,BLR,1987,0
Belarus,BLR,1988,0
Belarus,BLR,1989,0
Belarus,BLR,1990,0
Belarus,BLR,1991,-10
Belarus,BLR,1992,-5.556
Belarus,BLR,1993,11.765
Belarus,BLR,1994,0
Belarus,BLR,1995,5.263
Belarus,BLR,1996,-20
Belarus,BLR,1997,31.25
Belarus,BLR,1998,33.333
Belarus,BLR,1999,-32.143
Belarus,BLR,2000,42.105
Belarus,BLR,2001,10.39
Belarus,BLR,2002,-3.957
Belarus,BLR,2003,-4.067
Belarus,BLR,2004,20.691
Belarus,BLR,2005,8.103
Belarus,BLR,2006,2.057
Belarus,BLR,2007,30.757
Belarus,BLR,2008,45.093
Belarus,BLR,2009,44.309
Belarus,BLR,2010,21.889
Belarus,BLR,2011,7.8
Belarus,BLR,2012,21.951
Belarus,BLR,2013,31.228
Belarus,BLR,2014,-8.171
Belarus,BLR,2015,19.192
Belarus,BLR,2016,31.628
Belarus,BLR,2017,106.836
Belarus,BLR,2018,-7.289
Belarus,BLR,2019,1.78
Belgium,BEL,1966,9.926
Belgium,BEL,1967,-20.401
Belgium,BEL,1968,2.521
Belgium,BEL,1969,-5.738
Belgium,BEL,1970,6.957
Belgium,BEL,1971,-45.528
Belgium,BEL,1972,34.328
Belgium,BEL,1973,59.444
Belgium,BEL,1974,21.254
Belgium,BEL,1975,-23.563
Belgium,BEL,1976,-37.594
Belgium,BEL,1977,183.735
Belgium,BEL,1978,2.548
Belgium,BEL,1979,13.665
Belgium,BEL,1980,5.282
Belgium,BEL,1981,16.263
Belgium,BEL,1982,-43.601
Belgium,BEL,1983,-5.541
Belgium,BEL,1984,4.749
Belgium,BEL,1985,-9.333
Belgium,BEL,1986,35.882
Belgium,BEL,1987,24.892
Belgium,BEL,1988,-5.199
Belgium,BEL,1989,-8.044
Belgium,BEL,1990,10.338
Belgium,BEL,1991,-3.423
Belgium,BEL,1992,15.112
Belgium,BEL,1993,-17.828
Belgium,BEL,1994,18.343
Belgium,BEL,1995,11.333
Belgium,BEL,1996,-16.018
Belgium,BEL,1997,4.813
Belgium,BEL,1998,29.082
Belgium,BEL,1999,11.989
Belgium,BEL,2000,22.824
Belgium,BEL,2001,2.301
Belgium,BEL,2002,5.177
Belgium,BEL,2003,4.074
Belgium,BEL,2004,24.787
Belgium,BEL,2005,39.791
Belgium,BEL,2006,39.289
Belgium,BEL,2007,17.351
Belgium,BEL,2008,25.948
Belgium,BEL,2009,35.534
Belgium,BEL,2010,33.519
Belgium,BEL,2011,22.405
Belgium,BEL,2012,20.046
Belgium,BEL,2013,9.363
Belgium,BEL,2014,6.297
Belgium,BEL,2015,10.224
Belgium,BEL,2016,3.615
Belgium,BEL,2017,9.737
Belgium,BEL,2018,6.447
Belgium,BEL,2019,8.687
Brazil,BRA,1966,9.371
Brazil,BRA,1967,4.598
Brazil,BRA,1968,4.663
Brazil,BRA,1969,7.011
Brazil,BRA,1970,23.32
Brazil,BRA,1971,8.723
Brazil,BRA,1972,17.259
Brazil,BRA,1973,14.093
Brazil,BRA,1974,13.341
Brazil,BRA,1975,10.066
Brazil,BRA,1976,14.522
Brazil,BRA,1977,12.915
Brazil,BRA,1978,10.023
Brazil,BRA,1979,13.719
Brazil,BRA,1980,10.44
Brazil,BRA,1981,1.474
Brazil,BRA,1982,8.046
Brazil,BRA,1983,7.78
Brazil,BRA,1984,9.702
Brazil,BRA,1985,7.08
Brazil,BRA,1986,2.299
Brazil,BRA,1987,1.914
Brazil,BRA,1988,7.013
Brazil,BRA,1989,2.796
Brazil,BRA,1990,12.969
Brazil,BRA,1991,5.214
Brazil,BRA,1992,2.402
Brazil,BRA,1993,5.072
Brazil,BRA,1994,3.676
Brazil,BRA,1995,4.477
Brazil,BRA,1996,4.928
Brazil,BRA,1997,4.238
Brazil,BRA,1998,3.835
Brazil,BRA,1999,0.753
Brazil,BRA,2000,2.057
Brazil,BRA,2001,-11.423
Brazil,BRA,2002,6.854
Brazil,BRA,2003,5.53
Brazil,BRA,2004,4.825
Brazil,BRA,2005,4.953
Brazil,BRA,2006,2.192
Brazil,BRA,2007,9.567
Brazil,BRA,2008,2.046
Brazil,BRA,2009,6.111
Brazil,BRA,2010,4.962
Brazil,BRA,2011,3.549
Brazil,BRA,2012,-2.577
Brazil,BRA,2013,-2.037
Brazil,BRA,2014,-0.305
Brazil,BRA,2015,1.901
Brazil,BRA,2016,4.573
Brazil,BRA,2017,0.445
Brazil,BRA,2018,7.039
Brazil,BRA,2019,5.08
Bulgaria,BGR,1966,0.5
Bulgaria,BGR,1967,0.597
Bulgaria,BGR,1968,-35.46
Bulgaria,BGR,1969,40.92
Bulgaria,BGR,1970,17.02
Bulgaria,BGR,1971,0.836
Bulgaria,BGR,1972,-3.456
Bulgaria,BGR,1973,22.673
Bulgaria,BGR,1974,-19.066
Bulgaria,BGR,1975,17.933
Bulgaria,BGR,1976,20.424
Bulgaria,BGR,1977,19.465
Bulgaria,BGR,1978,-17.569
Bulgaria,BGR,1979,13.819
Bulgaria,BGR,1980,12.141
Bulgaria,BGR,1981,-2.559
Bulgaria,BGR,1982,-15.699
Bulgaria,BGR,1983,9.934
Bulgaria,BGR,1984,-2.774
Bulgaria,BGR,1985,-31.38
Bulgaria,BGR,1986,3.979
Bulgaria,BGR,1987,9.071
Bulgaria,BGR,1988,2.326
Bulgaria,BGR,1989,3.659
Bulgaria,BGR,1990,-30.212
Bulgaria,BGR,1991,29.979
Bulgaria,BGR,1992,-15.485
Bulgaria,BGR,1993,-5.865
Bulgaria,BGR,1994,-24.408
Bulgaria,BGR,1995,57.629
Bulgaria,BGR,1996,26.145
Bulgaria,BGR,1997,-5.653
Bulgaria,BGR,1998,12.455
Bulgaria,BGR,1999,-11.108
Bulgaria,BGR,2000,-2.906
Bulgaria,BGR,2001,-35.439
Bulgaria,BGR,2002,25.495
Bulgaria,BGR,2003,37.173
Bulgaria,BGR,2004,3.956
Bulgaria,BGR,2005,36.148
Bulgaria,BGR,2006,-2.551
Bulgaria,BGR,2007,-31.828
Bulgaria,BGR,2008,0.774
Bulgaria,BGR,2009,24.748
Bulgaria,BGR,2010,54.72
Bulgaria,BGR,2011,-32.429
Bulgaria,BGR,2012,34.554
Bulgaria,BGR,2013,29.247
Bulgaria,BGR,2014,6.032
Bulgaria,BGR,2015,17.935
Bulgaria,BGR,2016,-19.411
Bulgaria,BGR,2017,-14.234
Bulgaria,BGR,2018,50.795
Bulgaria,BGR,2019,-17.362
Canada,CAN,1966,10.934
Canada,CAN,1967,2.232
Canada,CAN,1968,1.699
Canada,CAN,1969,10.601
Canada,CAN,1970,4.978
Canada,CAN,1971,2.734
Canada,CAN,1972,11.805
Canada,CAN,1973,7.165
Canada,CAN,1974,8.226
Canada,CAN,1975,-3.891
Canada,CAN,1976,5.396
Canada,CAN,1977,3.665
Canada,CAN,1978,6.858
Canada,CAN,1979,3.841
Canada,CAN,1980,2.844
Canada,CAN,1981,6.126
Canada,CAN,1982,-2.978
Canada,CAN,1983,3.117
Canada,CAN,1984,7.619
Canada,CAN,1985,5.846
Canada,CAN,1986,2.351
Canada,CAN,1987,1.926
Canada,CAN,1988,-2.699
Canada,CAN,1989,-5.16
Canada,CAN,1990,1.943
Canada,CAN,1991,3.879
Canada,CAN,1992,2.711
Canada,CAN,1993,2.312
Canada,CAN,1994,2.005
Canada,CAN,1995,2.281
Canada,CAN,1996,6.133
Canada,CAN,1997,-1.456
Canada,CAN,1998,-4.76
Canada,CAN,1999,4.174
Canada,CAN,2000,3.343
Canada,CAN,2001,-7.278
Canada,CAN,2002,4.651
Canada,CAN,2003,-4.364
Canada,CAN,2004,0.193
Canada,CAN,2005,6.06
Canada,CAN,2006,-2.357
Canada,CAN,2007,3.652
Canada,CAN,2008,2.117
Canada,CAN,2009,-1.749
Canada,CAN,2010,-4.095
Canada,CAN,2011,6.873
Canada,CAN,2012,1.303
Canada,CAN,2013,2.549
Canada,CAN,2014,-2.418
Canada,CAN,2015,2.909
Canada,CAN,2016,1.513
Canada,CAN,2017,1.648
Canada,CAN,2018,-2.157
Canada,CAN,2019,-0.698
Chile,CHL,1966,5.412
Chile,CHL,1967,2.087
Chile,CHL,1968,-16.216
Chile,CHL,1969,12.875
Chile,CHL,1970,7.033
Chile,CHL,1971,13.188
Chile,CHL,1972,18.708
Chile,CHL,1973,-2.436
Chile,CHL,1974,13.532
Chile,CHL,1975,0.452
Chile,CHL,1976,3.619
Chile,CHL,1977,5.65
Chile,CHL,1978,4.157
Chile,CHL,1979,2.724
Chile,CHL,1980,5.754
Chile,CHL,1981,3.561
Chile,CHL,1982,9.576
Chile,CHL,1983,8.507
Chile,CHL,1984,3.615
Chile,CHL,1985,10.702
Chile,CHL,1986,7.501
Chile,CHL,1987,8.126
Chile,CHL,1988,-1.596
Chile,CHL,1989,-15.685
Chile,CHL,1990,-8.833
Chile,CHL,1991,43.054
Chile,CHL,1992,30.451
Chile,CHL,1993,2.62
Chile,CHL,1994,-1.033
Chile,CHL,1995,8.104
Chile,CHL,1996,-8.285
Chile,CHL,1997,11.147
Chile,CHL,1998,-17.344
Chile,CHL,1999,-12.114
Chile,CHL,2000,36.128
Chile,CHL,2001,13.503
Chile,CHL,2002,6.178
Chile,CHL,2003,-3.307
Chile,CHL,2004,-5.95
Chile,CHL,2005,18.23
Chile,CHL,2006,7.65
Chile,CHL,2007,-16.078
Chile,CHL,2008,10.691
Chile,CHL,2009,2.082
Chile,CHL,2010,-11.55
Chile,CHL,2011,-1.917
Chile,CHL,2012,4.892
Chile,CHL,2013,2.396
Chile,CHL,2014,8.783
Chile,CHL,2015,8.455
Chile,CHL,2016,-4.388
Chile,CHL,2017,14.859
Chile,CHL,2018,12.93
Chile,CHL,2019,2.567
China,CHN,1966,1.76
China,CHN,1967,-13.797
China,CHN,1968,17.989
China,CHN,1969,1.7
China,CHN,1970,3.344
China,CHN,1971,20.96
China,CHN,1972,13.33
China,CHN,1973,11.762
China,CHN,1974,13.165
China,CHN,1975,4.645
China,CHN,1976,1.338
China,CHN,1977,4.39
China,CHN,1978,-6.303
China,CHN,1979,12.33
China,CHN,1980,19.905
China,CHN,1981,12.525
China,CHN,1982,13.586
China,CHN,1983,16.13
China,CHN,1984,0.46
China,CHN,1985,6.419
China,CHN,1986,2.339
China,CHN,1987,5.791
China,CHN,1988,9.142
China,CHN,1989,8.465
China,CHN,1990,7.097
China,CHN,1991,-1.615
China,CHN,1992,4.945
China,CHN,1993,16.226
China,CHN,1994,10.579
China,CHN,1995,15.415
China,CHN,1996,-2.374
China,CHN,1997,4.908
China,CHN,1998,1.422
China,CHN,1999,-1.065
China,CHN,2000,13.011
China,CHN,2001,23.662
China,CHN,2002,3.18
China,CHN,2003,-1.899
China,CHN,2004,24.079
China,CHN,2005,12.633
China,CHN,2006,9.903
China,CHN,2007,11.543
China,CHN,2008,31.883
China,CHN,2009,-0.631
China,CHN,2010,17.464
China,CHN,2011,0.303
China,CHN,2012,25.283
China,CHN,2013,8.794
China,CHN,2014,17.361
China,CHN,2015,6.919
China,CHN,2016,8.665
China,CHN,2017,8.789
China,CHN,2018,9.48
China,CHN,2019,8.553
Colombia,COL,1966,11.097
Colombia,COL,1967,11.481
Colombia,COL,1968,11.432
Colombia,COL,1969,11.183
Colombia,COL,1970,11.305
Colombia,COL,1971,6.124
Colombia,COL,1972,10.767
Colombia,COL,1973,8.831
Colombia,COL,1974,13.543
Colombia,COL,1975,12.844
Colombia,COL,1976,5.111
Colombia,COL,1977,2.065
Colombia,COL,1978,15.348
Colombia,COL,1979,9.757
Colombia,COL,1980,8.896
Colombia,COL,1981,-1.34
Colombia,COL,1982,6.853
Colombia,COL,1983,0.842
Colombia,COL,1984,11.509
Colombia,COL,1985,7.545
Colombia,COL,1986,15.454
Colombia,COL,1987,8.874
Colombia,COL,1988,5.434
Colombia,COL,1989,9.126
Colombia,COL,1990,2.638
Colombia,COL,1991,0.811
Colombia,COL,1992,-19.198
Colombia,COL,1993,24.866
Colombia,COL,1994,15.071
Colombia,COL,1995,-0.111
Colombia,COL,1996,10.217
Colombia,COL,1997,-10.689
Colombia,COL,1998,-2.018
Colombia,COL,1999,9.082
Colombia,COL,2000,-8.326
Colombia,COL,2001,1.945
Colombia,COL,2002,6.567
Colombia,COL,2003,5.742
Colombia,COL,2004,5.267
Colombia,COL,2005,1.742
Colombia,COL,2006,7.822
Colombia,COL,2007,3.206
Colombia,COL,2008,3.68
Colombia,COL,2009,-10.827
Colombia,COL,2010,-0.969
Colombia,COL,2011,18.806
Colombia,COL,2012,-2.058
Colombia,COL,2013,-7.342
Colombia,COL,2014,1.087
Colombia,COL,2015,-0.503
Colombia,COL,2016,4.194
Colombia,COL,2017,20.72
Colombia,COL,2018,-1.42
Colombia,COL,2019,-8.908
Croatia,HRV,1991,54.56
Croatia,HRV,1992,-25.948
Croatia,HRV,1993,4.914
Croatia,HRV,1994,19.085
Croatia,HRV,1995,4.54
Croatia,HRV,1996,38.414
Croatia,HRV,1997,-25.632
Croatia,HRV,1998,2.938
Croatia,HRV,1999,21.603
Croatia,HRV,2000,-11.939
Croatia,HRV,2001,10.542
Croatia,HRV,2002,-19.047
Croatia,HRV,2003,-7.315
Croatia,HRV,2004,38.959
Croatia,HRV,2005,-8.092
Croatia,HRV,2006,-6.442
Croatia,HRV,2007,-29.105
Croatia,HRV,2008,22.432
Croatia,HRV,2009,27.384
Croatia,HRV,2010,23.41
Croatia,HRV,2011,-43.464
Croatia,HRV,2012,-1.114
Croatia,HRV,2013,75.207
Croatia,HRV,2014,6.493
Croatia,HRV,2015,-24.874
Croatia,HRV,2016,10.713
Croatia,HRV,2017,-15.425
Croatia,HRV,2018,36.657
Croatia,HRV,2019,-16.32
Cyprus,CYP,2005,21.215
Cyprus,CYP,2006,63.137
Cyprus,CYP,2007,129.312
Cyprus,CYP,2008,337.392
Cyprus,CYP,2009,102.934
Cyprus,CYP,2010,131.382
Cyprus,CYP,2011,142.349
Cyprus,CYP,2012,43.507
Cyprus,CYP,2013,26.471
Cyprus,CYP,2014,-3.335
Cyprus,CYP,2015,24.96
Cyprus,CYP,2016,5.602
Cyprus,CYP,2017,1.884
Cyprus,CYP,2018,5.944
Cyprus,CYP,2019,10.355
Czechia,CZE,1966,-5.743
Czechia,CZE,1967,-9.874
Czechia,CZE,1968,-22.611
Czechia,CZE,1969,-18.373
Czechia,CZE,1970,42.804
Czechia,CZE,1971,-29.369
Czechia,CZE,1972,4.636
Czechia,CZE,1973,-14.478
Czechia,CZE,1974,68.27
Czechia,CZE,1975,-0.275
Czechia,CZE,1976,-20.287
Czechia,CZE,1977,36.03
Czechia,CZE,1978,-6.965
Czechia,CZE,1979,25.301
Czechia,CZE,1980,4.623
Czechia,CZE,1981,-14.089
Czechia,CZE,1982,-18.971
Czechia,CZE,1983,-0.898
Czechia,CZE,1984,-21.571
Czechia,CZE,1985,28.737
Czechia,CZE,1986,12.268
Czechia,CZE,1987,31.397
Czechia,CZE,1988,-14.848
Czechia,CZE,1989,-21.725
Czechia,CZE,1990,-29.337
Czechia,CZE,1991,-6.202
Czechia,CZE,1992,28.742
Czechia,CZE,1993,13.409
Czechia,CZE,1994,11.258
Czechia,CZE,1995,36.066
Czechia,CZE,1996,-6.066
Czechia,CZE,1997,-3.008
Czechia,CZE,1998,-9.576
Czechia,CZE,1999,19.213
Czechia,CZE,2000,-3.765
Czechia,CZE,2001,12.155
Czechia,CZE,2002,15.58
Czechia,CZE,2003,-37.58
Czechia,CZE,2004,38.17
Czechia,CZE,2005,16.105
Czechia,CZE,2006,14.461
Czechia,CZE,2007,-3.996
Czechia,CZE,2008,9.481
Czechia,CZE,2009,24.107
Czechia,CZE,2010,25.323
Czechia,CZE,2011,24.165
Czechia,CZE,2012,10.599
Czechia,CZE,2013,14.18
Czechia,CZE,2014,-3.038
Czechia,CZE,2015,2.15
Czechia,CZE,2016,-0.885
Czechia,CZE,2017,1.776
Czechia,CZE,2018,-2.791
Czechia,CZE,2019,5.021
Denmark,DNK,1966,4
Denmark,DNK,1967,-3.846
Denmark,DNK,1968,-16
Denmark,DNK,1969,4.762
Denmark,DNK,1970,9.091
Denmark,DNK,1971,0
Denmark,DNK,1972,0
Denmark,DNK,1973,0
Denmark,DNK,1974,0
Denmark,DNK,1975,-12.5
Denmark,DNK,1976,-9.524
Denmark,DNK,1977,36.842
Denmark,DNK,1978,15.385
Denmark,DNK,1979,16.667
Denmark,DNK,1980,27.429
Denmark,DNK,1981,3.139
Denmark,DNK,1982,6.087
Denmark,DNK,1983,91.803
Denmark,DNK,1984,2.991
Denmark,DNK,1985,21.473
Denmark,DNK,1986,75.235
Denmark,DNK,1987,28.752
Denmark,DNK,1988,53.104
Denmark,DNK,1989,42.719
Denmark,DNK,1990,46.943
Denmark,DNK,1991,32.088
Denmark,DNK,1992,30.665
Denmark,DNK,1993,22.239
Denmark,DNK,1994,-2.609
Denmark,DNK,1995,6.394
Denmark,DNK,1996,12.085
Denmark,DNK,1997,40.935
Denmark,DNK,1998,34.013
Denmark,DNK,1999,11.553
Denmark,DNK,2000,27.24
Denmark,DNK,2001,4.239
Denmark,DNK,2002,15.376
Denmark,DNK,2003,18.205
Denmark,DNK,2004,17.144
Denmark,DNK,2005,2.401
Denmark,DNK,2006,-6.8
Denmark,DNK,2007,11.289
Denmark,DNK,2008,-2.648
Denmark,DNK,2009,-0.946
Denmark,DNK,2010,22.761
Denmark,DNK,2011,13.391
Denmark,DNK,2012,3.992
Denmark,DNK,2013,6.971
Denmark,DNK,2014,11.996
Denmark,DNK,2015,4.736
Denmark,DNK,2016,-3.204
Denmark,DNK,2017,18.043
Denmark,DNK,2018,-5.138
Denmark,DNK,2019,12.326
Ecuador,ECU,1966,14.458
Ecuador,ECU,1967,10.175
Ecuador,ECU,1968,4.459
Ecuador,ECU,1969,10.976
Ecuador,ECU,1970,11.264
Ecuador,ECU,1971,8.642
Ecuador,ECU,1972,1.136
Ecuador,ECU,1973,-2.247
Ecuador,ECU,1974,14.943
Ecuador,ECU,1975,25.6
Ecuador,ECU,1976,-3.662
Ecuador,ECU,1977,-7.769
Ecuador,ECU,1978,41.756
Ecuador,ECU,1979,-10.367
Ecuador,ECU,1980,22.99
Ecuador,ECU,1981,-10.665
Ecuador,ECU,1982,14.891
Ecuador,ECU,1983,92.291
Ecuador,ECU,1984,87.856
Ecuador,ECU,1985,1.423
Ecuador,ECU,1986,22.354
Ecuador,ECU,1987,13.908
Ecuador,ECU,1988,5.602
Ecuador,ECU,1989,2.652
Ecuador,ECU,1990,0.66
Ecuador,ECU,1991,1.789
Ecuador,ECU,1992,-2.016
Ecuador,ECU,1993,16.82
Ecuador,ECU,1994,12.997
Ecuador,ECU,1995,-21.396
Ecuador,ECU,1996,22.921
Ecuador,ECU,1997,3.007
Ecuador,ECU,1998,-0.43
Ecuador,ECU,1999,10.308
Ecuador,ECU,2000,6.054
Ecuador,ECU,2001,-7.706
Ecuador,ECU,2002,5.729
Ecuador,ECU,2003,-5.181
Ecuador,ECU,2004,2.608
Ecuador,ECU,2005,-6.388
Ecuador,ECU,2006,3.49
Ecuador,ECU,2007,26.453
Ecuador,ECU,2008,23.5
Ecuador,ECU,2009,-18.406
Ecuador,ECU,2010,-6.609
Ecuador,ECU,2011,27.826
Ecuador,ECU,2012,9.165
Ecuador,ECU,2013,-9.655
Ecuador,ECU,2014,4.274
Ecuador,ECU,2015,13.419
Ecuador,ECU,2016,19.871
Ecuador,ECU,2017,24.702
Ecuador,ECU,2018,2.277
Ecuador,ECU,2019,19.097
Egypt,EGY,1966,5.357
Egypt,EGY,1967,7.748
Egypt,EGY,1968,52.584
Egypt,EGY,1969,32.99
Egypt,EGY,1970,17.497
Egypt,EGY,1971,7.634
Egypt,EGY,1972,2.277
Egypt,EGY,1973,-0.171
Egypt,EGY,1974,18.696
Egypt,EGY,1975,11.055
Egypt,EGY,1976,17.827
Egypt,EGY,1977,12.921
Egypt,EGY,1978,9.878
Egypt,EGY,1979,-3.249
Egypt,EGY,1980,2.024
Egypt,EGY,1981,4.193
Egypt,EGY,1982,2.726
Egypt,EGY,1983,-6.445
Egypt,EGY,1984,-1.891
Egypt,EGY,1985,-5.004
Egypt,EGY,1986,-1.924
Egypt,EGY,1987,-0.028
Egypt,EGY,1988,-1.566
Egypt,EGY,1989,7.453
Egypt,EGY,1990,4.912
Egypt,EGY,1991,-0.372
Egypt,EGY,1992,-1.17
Egypt,EGY,1993,2.985
Egypt,EGY,1994,6.297
Egypt,EGY,1995,4.325
Egypt,EGY,1996,2.609
Egypt,EGY,1997,2.499
Egypt,EGY,1998,2.833
Egypt,EGY,1999,11.136
Egypt,EGY,2000,5.993
Egypt,EGY,2001,1.683
Egypt,EGY,2002,-3.269
Egypt,EGY,2003,-7.508
Egypt,EGY,2004,0.194
Egypt,EGY,2005,-1.985
Egypt,EGY,2006,1.15
Egypt,EGY,2007,10.437
Egypt,EGY,2008,7.033
Egypt,EGY,2009,-8.154
Egypt,EGY,2010,-3.452
Egypt,EGY,2011,1.743
Egypt,EGY,2012,0.329
Egypt,EGY,2013,-0.799
Egypt,EGY,2014,-1.16
Egypt,EGY,2015,5.235
Egypt,EGY,2016,2.672
Egypt,EGY,2017,-2.435
Egypt,EGY,2018,6.148
Egypt,EGY,2019,17.04
Estonia,EST,1996,-16.667
Estonia,EST,1997,60
Estonia,EST,1998,50
Estonia,EST,1999,33.333
Estonia,EST,2000,12.5
Estonia,EST,2001,-0.649
Estonia,EST,2002,89.878
Estonia,EST,2003,30.264
Estonia,EST,2004,33.512
Estonia,EST,2005,78.566
Estonia,EST,2006,17.074
Estonia,EST,2007,15.408
Estonia,EST,2008,32.727
Estonia,EST,2009,170.231
Estonia,EST,2010,92.142
Estonia,EST,2011,12.226
Estonia,EST,2012,24.31
Estonia,EST,2013,-17.686
Estonia,EST,2014,11.621
Estonia,EST,2015,10.49
Estonia,EST,2016,-0.781
Estonia,EST,2017,59.517
Estonia,EST,2018,-22.174
Estonia,EST,2019,1.661
Finland,FIN,1966,10.983
Finland,FIN,1967,12.027
Finland,FIN,1968,-9.806
Finland,FIN,1969,-16.622
Finland,FIN,1970,8.905
Finland,FIN,1971,12.143
Finland,FIN,1972,-2.818
Finland,FIN,1973,1.927
Finland,FIN,1974,20.069
Finland,FIN,1975,-3.888
Finland,FIN,1976,-22.338
Finland,FIN,1977,28.476
Finland,FIN,1978,-19.561
Finland,FIN,1979,10.937
Finland,FIN,1980,-6.012
Finland,FIN,1981,33.643
Finland,FIN,1982,-4.143
Finland,FIN,1983,3.758
Finland,FIN,1984,-2.454
Finland,FIN,1985,-6.893
Finland,FIN,1986,0.45
Finland,FIN,1987,11.348
Finland,FIN,1988,-3.141
Finland,FIN,1989,-2.487
Finland,FIN,1990,22.922
Finland,FIN,1991,13.617
Finland,FIN,1992,10.237
Finland,FIN,1993,-3.112
Finland,FIN,1994,-6.092
Finland,FIN,1995,7.034
Finland,FIN,1996,-9.284
Finland,FIN,1997,11.849
Finland,FIN,1998,22.501
Finland,FIN,1999,-13.163
Finland,FIN,2000,10.332
Finland,FIN,2001,-8.476
Finland,FIN,2002,-8.536
Finland,FIN,2003,-4.553
Finland,FIN,2004,33.833
Finland,FIN,2005,-9.644
Finland,FIN,2006,-4.358
Finland,FIN,2007,7.893
Finland,FIN,2008,15.023
Finland,FIN,2009,-21.084
Finland,FIN,2010,10.209
Finland,FIN,2011,0.198
Finland,FIN,2012,16.802
Finland,FIN,2013,-10.184
Finland,FIN,2014,5.907
Finland,FIN,2015,14.286
Finland,FIN,2016,-4.79
Finland,FIN,2017,3.988
Finland,FIN,2018,0.456
Finland,FIN,2019,-2.254
France,FRA,1966,12.195
France,FRA,1967,-12.578
France,FRA,1968,11.67
France,FRA,1969,5.181
France,FRA,1970,7.485
France,FRA,1971,-13.442
France,FRA,1972,0.195
France,FRA,1973,-2.185
France,FRA,1974,17.384
France,FRA,1975,6.429
France,FRA,1976,-18.897
France,FRA,1977,55.714
France,FRA,1978,-10.193
France,FRA,1979,-2.687
France,FRA,1980,4.557
France,FRA,1981,3.788
France,FRA,1982,-2.151
France,FRA,1983,-1.526
France,FRA,1984,-5.196
France,FRA,1985,-4.764
France,FRA,1986,0.886
France,FRA,1987,12.624
France,FRA,1988,8.309
France,FRA,1989,-38.29
France,FRA,1990,14.575
France,FRA,1991,7.037
France,FRA,1992,19.119
France,FRA,1993,-5.779
France,FRA,1994,21.412
France,FRA,1995,-6.479
France,FRA,1996,-8.756
France,FRA,1997,-2.494
France,FRA,1998,-2.741
France,FRA,1999,16.228
France,FRA,2000,-7.568
France,FRA,2001,11.097
France,FRA,2002,-17.551
France,FRA,2003,-2.547
France,FRA,2004,0.927
France,FRA,2005,-10.652
France,FRA,2006,10.457
France,FRA,2007,9.514
France,FRA,2008,15.642
France,FRA,2009,-4.672
France,FRA,2010,9.76
France,FRA,2011,-16.13
France,FRA,2012,25.456
France,FRA,2013,14.289
France,FRA,2014,-4.312
France,FRA,2015,-2.694
France,FRA,2016,7.159
France,FRA,2017,-6.312
France,FRA,2018,18.605
France,FRA,2019,2.215
Germany,DEU,1966,8.153
Germany,DEU,1967,-5.028
Germany,DEU,1968,1.481
Germany,DEU,1969,-18.85
Germany,DEU,1970,34.566
Germany,DEU,1971,-21.662
Germany,DEU,1972,-1.602
Germany,DEU,1973,14.467
Germany,DEU,1974,14.935
Germany,DEU,1975,-2.835
Germany,DEU,1976,-16.824
Germany,DEU,1977,24.492
Germany,DEU,1978,4.519
Germany,DEU,1979,0.749
Germany,DEU,1980,6.095
Germany,DEU,1981,3.249
Germany,DEU,1982,-0.838
Germany,DEU,1983,-5.964
Germany,DEU,1984,-0.643
Germany,DEU,1985,-5.355
Germany,DEU,1986,5.901
Germany,DEU,1987,8.044
Germany,DEU,1988,-0.301
Germany,DEU,1989,-7.854
Germany,DEU,1990,-5.879
Germany,DEU,1991,-7.536
Germany,DEU,1992,17.613
Germany,DEU,1993,3.543
Germany,DEU,1994,8.828
Germany,DEU,1995,9.151
Germany,DEU,1996,-8.091
Germany,DEU,1997,5.95
Germany,DEU,1998,10.635
Germany,DEU,1999,11.633
Germany,DEU,2000,32.286
Germany,DEU,2001,-0.036
Germany,DEU,2002,17.519
Germany,DEU,2003,1.113
Germany,DEU,2004,24.058
Germany,DEU,2005,14.646
Germany,DEU,2006,18.777
Germany,DEU,2007,21.226
Germany,DEU,2008,2.65
Germany,DEU,2009,1.234
Germany,DEU,2010,8.778
Germany,DEU,2011,15.845
Germany,DEU,2012,14.1
Germany,DEU,2013,4.202
Germany,DEU,2014,5.955
Germany,DEU,2015,13.849
Germany,DEU,2016,-0.105
Germany,DEU,2017,12.669
Germany,DEU,2018,3.336
Germany,DEU,2019,7.834
Greece,GRC,1966,115.98
Greece,GRC,1967,-4.046
Greece,GRC,1968,-17.59
Greece,GRC,1969,50.219
Greece,GRC,1970,28.273
Greece,GRC,1971,0.607
Greece,GRC,1972,0.943
Greece,GRC,1973,-16.959
Greece,GRC,1974,5.578
Greece,GRC,1975,-14.146
Greece,GRC,1976,-6.749
Greece,GRC,1977,2.288
Greece,GRC,1978,55.463
Greece,GRC,1979,19.344
Greece,GRC,1980,-4.515
Greece,GRC,1981,0.059
Greece,GRC,1982,4.52
Greece,GRC,1983,-34.288
Greece,GRC,1984,22.308
Greece,GRC,1985,-1.992
Greece,GRC,1986,15.33
Greece,GRC,1987,-14.034
Greece,GRC,1988,-14.887
Greece,GRC,1989,-19.687
Greece,GRC,1990,-6.839
Greece,GRC,1991,75.099
Greece,GRC,1992,-28.668
Greece,GRC,1993,5.335
Greece,GRC,1994,13.176
Greece,GRC,1995,35.154
Greece,GRC,1996,23.008
Greece,GRC,1997,-10.607
Greece,GRC,1998,-3.292
Greece,GRC,1999,25.462
Greece,GRC,2000,-12.85
Greece,GRC,2001,-29.707
Greece,GRC,2002,21.212
Greece,GRC,2003,63.663
Greece,GRC,2004,-0.215
Greece,GRC,2005,7.579
Greece,GRC,2006,19.118
Greece,GRC,2007,-40.548
Greece,GRC,2008,24.386
Greece,GRC,2009,41.469
Greece,GRC,2010,27.764
Greece,GRC,2011,-23.082
Greece,GRC,2012,23.904
Greece,GRC,2013,40.504
Greece,GRC,2014,-15.645
Greece,GRC,2015,21.225
Greece,GRC,2016,-0.304
Greece,GRC,2017,-7.877
Greece,GRC,2018,16.325
Greece,GRC,2019,-3.971
Hong Kong,HKG,2007,23.861
Hong Kong,HKG,2008,-7.285
Hong Kong,HKG,2009,35.342
Hong Kong,HKG,2010,8345.716
Hong Kong,HKG,2011,-15.33
Hong Kong,HKG,2012,13.571
Hong Kong,HKG,2013,2.723
Hong Kong,HKG,2014,11.097
Hong Kong,HKG,2015,-2.641
Hong Kong,HKG,2016,-0.949
Hong Kong,HKG,2017,6.297
Hong Kong,HKG,2018,-8.696
Hong Kong,HKG,2019,10.366
Hungary,HUN,1966,33.333
Hungary,HUN,1967,-18
Hungary,HUN,1968,8.537
Hungary,HUN,1969,6.742
Hungary,HUN,1970,-7.368
Hungary,HUN,1971,9.091
Hungary,HUN,1972,14.583
Hungary,HUN,1973,-8.182
Hungary,HUN,1974,-19.802
Hungary,HUN,1975,101.235
Hungary,HUN,1976,1.227
Hungary,HUN,1977,-9.697
Hungary,HUN,1978,-7.383
Hungary,HUN,1979,5.797
Hungary,HUN,1980,-23.288
Hungary,HUN,1981,50
Hungary,HUN,1982,-5.357
Hungary,HUN,1983,-2.516
Hungary,HUN,1984,16.774
Hungary,HUN,1985,-14.365
Hungary,HUN,1986,-0.645
Hungary,HUN,1987,9.74
Hungary,HUN,1988,0
Hungary,HUN,1989,-6.509
Hungary,HUN,1990,23.418
Hungary,HUN,1991,11.795
Hungary,HUN,1992,-6.422
Hungary,HUN,1993,0.49
Hungary,HUN,1994,0.488
Hungary,HUN,1995,6.311
Hungary,HUN,1996,17.352
Hungary,HUN,1997,4.669
Hungary,HUN,1998,-20.074
Hungary,HUN,1999,14.419
Hungary,HUN,2000,-1.22
Hungary,HUN,2001,5.075
Hungary,HUN,2002,-8.377
Hungary,HUN,2003,40.863
Hungary,HUN,2004,176.797
Hungary,HUN,2005,98.522
Hungary,HUN,2006,-20.663
Hungary,HUN,2007,25.334
Hungary,HUN,2008,24.395
Hungary,HUN,2009,22.067
Hungary,HUN,2010,3.437
Hungary,HUN,2011,-10.671
Hungary,HUN,2012,-2.838
Hungary,HUN,2013,4.682
Hungary,HUN,2014,12.331
Hungary,HUN,2015,1.88
Hungary,HUN,2016,0.301
Hungary,HUN,2017,6.216
Hungary,HUN,2018,6.841
Hungary,HUN,2019,19.206
Iceland,ISL,1966,-2.622
Iceland,ISL,1967,6.507
Iceland,ISL,1968,3.371
Iceland,ISL,1969,25.492
Iceland,ISL,1970,65.311
Iceland,ISL,1971,8.887
Iceland,ISL,1972,11.126
Iceland,ISL,1973,27.892
Iceland,ISL,1974,2.664
Iceland,ISL,1975,-1.767
Iceland,ISL,1976,6.5
Iceland,ISL,1977,7.064
Iceland,ISL,1978,3.449
Iceland,ISL,1979,9.204
Iceland,ISL,1980,8.138
Iceland,ISL,1981,3.543
Iceland,ISL,1982,11.174
Iceland,ISL,1983,5.427
Iceland,ISL,1984,4.03
Iceland,ISL,1985,-1.969
Iceland,ISL,1986,5.738
Iceland,ISL,1987,2.319
Iceland,ISL,1988,6.303
Iceland,ISL,1989,1.386
Iceland,ISL,1990,-0.763
Iceland,ISL,1991,-0.358
Iceland,ISL,1992,2.564
Iceland,ISL,1993,3.996
Iceland,ISL,1994,1.111
Iceland,ISL,1995,4.147
Iceland,ISL,1996,2.821
Iceland,ISL,1997,9.185
Iceland,ISL,1998,12.447
Iceland,ISL,1999,14.506
Iceland,ISL,2000,6.905
Iceland,ISL,2001,3.886
Iceland,ISL,2002,4.031
Iceland,ISL,2003,0.375
Iceland,ISL,2004,0.853
Iceland,ISL,2005,0.06
Iceland,ISL,2006,13.66
Iceland,ISL,2007,19.936
Iceland,ISL,2008,36.651
Iceland,ISL,2009,1.598
Iceland,ISL,2010,0.715
Iceland,ISL,2011,0.27
Iceland,ISL,2012,1.345
Iceland,ISL,2013,2.611
Iceland,ISL,2014,-0.563
Iceland,ISL,2015,3.107
Iceland,ISL,2016,-1.906
Iceland,ISL,2017,3.112
Iceland,ISL,2018,2.467
Iceland,ISL,2019,-2.096
India,IND,1966,4.427
India,IND,1967,11.901
India,IND,1968,15.41
India,IND,1969,11.028
India,IND,1970,6.052
India,IND,1971,9.685
India,IND,1972,-2.939
India,IND,1973,6.492
India,IND,1974,-3.778
India,IND,1975,19.473
India,IND,1976,4.612
India,IND,1977,9.105
India,IND,1978,24.07
India,IND,1979,-3.572
India,IND,1980,2.35
India,IND,1981,6.568
India,IND,1982,-15.611
India,IND,1983,-3.643
India,IND,1984,11.738
India,IND,1985,-3.482
India,IND,1986,1.459
India,IND,1987,-6.86
India,IND,1988,11.544
India,IND,1989,16.03
India,IND,1990,4.884
India,IND,1991,11.528
India,IND,1992,-5.205
India,IND,1993,1.154
India,IND,1994,13.653
India,IND,1995,-4.706
India,IND,1996,-8.163
India,IND,1997,2.106
India,IND,1998,19.15
India,IND,1999,-0.724
India,IND,2000,-5.877
India,IND,2001,-5.668
India,IND,2002,-5.088
India,IND,2003,1.889
India,IND,2004,45.332
India,IND,2005,-2.184
India,IND,2006,17.938
India,IND,2007,10.435
India,IND,2008,-2.568
India,IND,2009,-4.02
India,IND,2010,5.481
India,IND,2011,21.188
India,IND,2012,-5.432
India,IND,2013,13.033
India,IND,2014,6.846
India,IND,2015,-2.276
India,IND,2016,4.457
India,IND,2017,12.032
India,IND,2018,11.022
India,IND,2019,12.629
Indonesia,IDN,1966,30.024
Indonesia,IDN,1967,12.291
Indonesia,IDN,1968,23.549
Indonesia,IDN,1969,4.564
Indonesia,IDN,1970,21.566
Indonesia,IDN,1971,-67.054
Indonesia,IDN,1972,-10.577
Indonesia,IDN,1973,26.165
Indonesia,IDN,1974,10.795
Indonesia,IDN,1975,4.872
Indonesia,IDN,1976,-41.32
Indonesia,IDN,1977,66.25
Indonesia,IDN,1978,-28.571
Indonesia,IDN,1979,11.228
Indonesia,IDN,1980,-9.464
Indonesia,IDN,1981,-0.348
Indonesia,IDN,1982,9.091
Indonesia,IDN,1983,50.321
Indonesia,IDN,1984,9.168
Indonesia,IDN,1985,22.266
Indonesia,IDN,1986,61.022
Indonesia,IDN,1987,2.877
Indonesia,IDN,1988,9.836
Indonesia,IDN,1989,24.759
Indonesia,IDN,1990,21.336
Indonesia,IDN,1991,11.034
Indonesia,IDN,1992,26.837
Indonesia,IDN,1993,-6.972
Indonesia,IDN,1994,-3.969
Indonesia,IDN,1995,9.584
Indonesia,IDN,1996,6.297
Indonesia,IDN,1997,-23.043
Indonesia,IDN,1998,58.832
Indonesia,IDN,1999,4.912
Indonesia,IDN,2000,3.966
Indonesia,IDN,2001,18.043
Indonesia,IDN,2002,-9.145
Indonesia,IDN,2003,-5.404
Indonesia,IDN,2004,5.419
Indonesia,IDN,2005,5.451
Indonesia,IDN,2006,-6.566
Indonesia,IDN,2007,12.638
Indonesia,IDN,2008,7.595
Indonesia,IDN,2009,6.442
Indonesia,IDN,2010,28.225
Indonesia,IDN,2011,-16.7
Indonesia,IDN,2012,6.092
Indonesia,IDN,2013,21.279
Indonesia,IDN,2014,5.262
Indonesia,IDN,2015,-14.941
Indonesia,IDN,2016,47.567
Indonesia,IDN,2017,0.724
Indonesia,IDN,2018,9.216
Indonesia,IDN,2019,34.246
Iran,IRN,1966,7.455
Iran,IRN,1967,7.656
Iran,IRN,1968,7.556
Iran,IRN,1969,7.645
Iran,IRN,1970,7.678
Iran,IRN,1971,7.487
Iran,IRN,1972,31.343
Iran,IRN,1973,-15.278
Iran,IRN,1974,10.134
Iran,IRN,1975,5.007
Iran,IRN,1976,11.856
Iran,IRN,1977,3.341
Iran,IRN,1978,56.633
Iran,IRN,1979,-13.31
Iran,IRN,1980,3.695
Iran,IRN,1981,9.184
Iran,IRN,1982,4.931
Iran,IRN,1983,-2.142
Iran,IRN,1984,-6.497
Iran,IRN,1985,0.815
Iran,IRN,1986,19.512
Iran,IRN,1987,10.865
Iran,IRN,1988,5.502
Iran,IRN,1989,-18.36
Iran,IRN,1990,9.641
Iran,IRN,1991,-24.035
Iran,IRN,1992,64.152
Iran,IRN,1993,14.439
Iran,IRN,1994,-34.53
Iran,IRN,1995,20.693
Iran,IRN,1996,5.899
Iran,IRN,1997,-32.596
Iran,IRN,1998,26.039
Iran,IRN,1999,-30.849
Iran,IRN,2000,-26.275
Iran,IRN,2001,8.152
Iran,IRN,2002,92.276
Iran,IRN,2003,18.796
Iran,IRN,2004,23.788
Iran,IRN,2005,20.433
Iran,IRN,2006,27.539
Iran,IRN,2007,-3.475
Iran,IRN,2008,-58.085
Iran,IRN,2009,-9.506
Iran,IRN,2010,49.723
Iran,IRN,2011,3.646
Iran,IRN,2012,15.863
Iran,IRN,2013,15.996
Iran,IRN,2014,-1.31
Iran,IRN,2015,-8.932
Iran,IRN,2016,15.602
Iran,IRN,2017,11.656
Iran,IRN,2018,-33.065
Iran,IRN,2019,147.479
Iraq,IRQ,1966,31.25
Iraq,IRQ,1967,14.286
Iraq,IRQ,1968,20.833
Iraq,IRQ,1969,10.345
Iraq,IRQ,1970,21.875
Iraq,IRQ,1971,16.038
Iraq,IRQ,1972,0
Iraq,IRQ,1973,45
Iraq,IRQ,1974,37.931
Iraq,IRQ,1975,15.25
Iraq,IRQ,1976,-0.434
Iraq,IRQ,1977,23.312
Iraq,IRQ,1978,25.088
Iraq,IRQ,1979,45.763
Iraq,IRQ,1980,-33.14
Iraq,IRQ,1981,-11.594
Iraq,IRQ,1982,-1.639
Iraq,IRQ,1983,0
Iraq,IRQ,1984,1.667
Iraq,IRQ,1985,0
Iraq,IRQ,1986,-1.639
Iraq,IRQ,1987,333.333
Iraq,IRQ,1988,0
Iraq,IRQ,1989,0
Iraq,IRQ,1990,78.856
Iraq,IRQ,1991,-53.87
Iraq,IRQ,1992,143.292
Iraq,IRQ,1993,18.062
Iraq,IRQ,1994,1.396
Iraq,IRQ,1995,13.956
Iraq,IRQ,1996,-8.853
Iraq,IRQ,1997,1.829
Iraq,IRQ,1998,-6.212
Iraq,IRQ,1999,-42.573
Iraq,IRQ,2000,-10.185
Iraq,IRQ,2001,15.028
Iraq,IRQ,2002,22.416
Iraq,IRQ,2003,3.627
Iraq,IRQ,2004,20.131
Iraq,IRQ,2005,-15.428
Iraq,IRQ,2006,1.339
Iraq,IRQ,2007,-9.077
Iraq,IRQ,2008,-36.189
Iraq,IRQ,2009,-4.069
Iraq,IRQ,2010,26.948
Iraq,IRQ,2011,-6.536
Iraq,IRQ,2012,28.556
Iraq,IRQ,2013,5.233
Iraq,IRQ,2014,-38.235
Iraq,IRQ,2015,-10.529
Iraq,IRQ,2016,30.913
Iraq,IRQ,2017,-35.242
Iraq,IRQ,2018,-16.537
Iraq,IRQ,2019,34.706
Ireland,IRL,1966,-9.877
Ireland,IRL,1967,-5.479
Ireland,IRL,1968,-4.348
Ireland,IRL,1969,-24.242
Ireland,IRL,1970,38
Ireland,IRL,1971,-42.029
Ireland,IRL,1972,47.5
Ireland,IRL,1973,-6.78
Ireland,IRL,1974,23.636
Ireland,IRL,1975,-33.824
Ireland,IRL,1976,13.333
Ireland,IRL,1977,25.49
Ireland,IRL,1978,-6.25
Ireland,IRL,1979,18.333
Ireland,IRL,1980,1.408
Ireland,IRL,1981,2.778
Ireland,IRL,1982,-6.757
Ireland,IRL,1983,-2.899
Ireland,IRL,1984,-11.94
Ireland,IRL,1985,22.034
Ireland,IRL,1986,9.722
Ireland,IRL,1987,-25.316
Ireland,IRL,1988,27.119
Ireland,IRL,1989,-20
Ireland,IRL,1990,-0.115
Ireland,IRL,1991,7.03
Ireland,IRL,1992,10.188
Ireland,IRL,1993,-5.109
Ireland,IRL,1994,20.385
Ireland,IRL,1995,-22.364
Ireland,IRL,1996,4.665
Ireland,IRL,1997,6.031
Ireland,IRL,1998,44.624
Ireland,IRL,1999,-3.931
Ireland,IRL,2000,5.428
Ireland,IRL,2001,-13.894
Ireland,IRL,2002,33.6
Ireland,IRL,2003,-18.122
Ireland,IRL,2004,21.717
Ireland,IRL,2005,33.545
Ireland,IRL,2006,31.267
Ireland,IRL,2007,12.234
Ireland,IRL,2008,27.548
Ireland,IRL,2009,13.831
Ireland,IRL,2010,-9.788
Ireland,IRL,2011,44.543
Ireland,IRL,2012,-3.738
Ireland,IRL,2013,6.397
Ireland,IRL,2014,12.894
Ireland,IRL,2015,22.31
Ireland,IRL,2016,-4.92
Ireland,IRL,2017,17.407
Ireland,IRL,2018,14.171
Ireland,IRL,2019,12.343
Israel,ISR,1982,0
Israel,ISR,1983,-50
Israel,ISR,1984,100
Israel,ISR,1985,0
Israel,ISR,1986,200
Israel,ISR,1987,66.667
Israel,ISR,1988,0
Israel,ISR,1989,-70
Israel,ISR,1990,0
Israel,ISR,1991,100
Israel,ISR,1992,383.333
Israel,ISR,1993,-10.345
Israel,ISR,1994,-11.538
Israel,ISR,1995,8.696
Israel,ISR,1996,-4
Israel,ISR,1997,4.167
Israel,ISR,1998,0
Israel,ISR,1999,32
Israel,ISR,2000,-6.061
Israel,ISR,2001,-35.903
Israel,ISR,2002,58.968
Israel,ISR,2003,33.513
Israel,ISR,2004,-9.88
Israel,ISR,2005,-0.633
Israel,ISR,2006,-36.3
Israel,ISR,2007,-4.6
Israel,ISR,2008,32.505
Israel,ISR,2009,207.465
Israel,ISR,2010,70.664
Israel,ISR,2011,75.979
Israel,ISR,2012,59.823
Israel,ISR,2013,17.223
Israel,ISR,2014,60.404
Israel,ISR,2015,35.925
Israel,ISR,2016,34.389
Israel,ISR,2017,-1.295
Israel,ISR,2018,3.62
Israel,ISR,2019,64.406
Italy,ITA,1966,3.887
Italy,ITA,1967,-2.668
Italy,ITA,1968,1.046
Italy,ITA,1969,-2.843
Italy,ITA,1970,-0.838
Italy,ITA,1971,-2.944
Italy,ITA,1972,4.313
Italy,ITA,1973,-8.387
Italy,ITA,1974,1.624
Italy,ITA,1975,7.058
Italy,ITA,1976,-4.486
Italy,ITA,1977,27.638
Italy,ITA,1978,-10.146
Italy,ITA,1979,0.953
Italy,ITA,1980,-1.141
Italy,ITA,1981,-5.489
Italy,ITA,1982,-3.271
Italy,ITA,1983,-0.32
Italy,ITA,1984,2.308
Italy,ITA,1985,-3.42
Italy,ITA,1986,0.661
Italy,ITA,1987,-3.137
Italy,ITA,1988,2.928
Italy,ITA,1989,-16.204
Italy,ITA,1990,-6.321
Italy,ITA,1991,30.473
Italy,ITA,1992,0.501
Italy,ITA,1993,-1.189
Italy,ITA,1994,6.671
Italy,ITA,1995,-14.059
Italy,ITA,1996,11.491
Italy,ITA,1997,-0.034
Italy,ITA,1998,0.587
Italy,ITA,1999,10.409
Italy,ITA,2000,-0.848
Italy,ITA,2001,6.12
Italy,ITA,2002,-11.671
Italy,ITA,2003,-3.623
Italy,ITA,2004,16.372
Italy,ITA,2005,-11.008
Italy,ITA,2006,4.005
Italy,ITA,2007,-6.401
Italy,ITA,2008,25.506
Italy,ITA,2009,20.469
Italy,ITA,2010,11.291
Italy,ITA,2011,6.518
Italy,ITA,2012,10.564
Italy,ITA,2013,18.192
Italy,ITA,2014,6.028
Italy,ITA,2015,-10.101
Italy,ITA,2016,-1.704
Italy,ITA,2017,-4.133
Italy,ITA,2018,9.338
Italy,ITA,2019,-2.599
Japan,JPN,1966,4.312
Japan,JPN,1967,-13.611
Japan,JPN,1968,7.148
Japan,JPN,1969,2.587
Japan,JPN,1970,0.388
Japan,JPN,1971,11.624
Japan,JPN,1972,1.081
Japan,JPN,1973,-21.461
Japan,JPN,1974,23.803
Japan,JPN,1975,0.96
Japan,JPN,1976,0.207
Japan,JPN,1977,-12.454
Japan,JPN,1978,-3.574
Japan,JPN,1979,15.475
Japan,JPN,1980,9.214
Japan,JPN,1981,-0.73
Japan,JPN,1982,3.095
Japan,JPN,1983,4.183
Japan,JPN,1984,-12.137
Japan,JPN,1985,14.137
Japan,JPN,1986,-0.998
Japan,JPN,1987,-5.326
Japan,JPN,1988,18.641
Japan,JPN,1989,2.362
Japan,JPN,1990,-9.699
Japan,JPN,1991,7.972
Japan,JPN,1992,-13.351
Japan,JPN,1993,13.336
Japan,JPN,1994,-25.151
Japan,JPN,1995,19.45
Japan,JPN,1996,-0.7
Japan,JPN,1997,11.352
Japan,JPN,1998,2.357
Japan,JPN,1999,-4.619
Japan,JPN,2000,0.496
Japan,JPN,2001,-3.319
Japan,JPN,2002,-0.312
Japan,JPN,2003,12.944
Japan,JPN,2004,-0.373
Japan,JPN,2005,-9.157
Japan,JPN,2006,10.661
Japan,JPN,2007,-11.655
Japan,JPN,2008,-0.391
Japan,JPN,2009,-5.228
Japan,JPN,2010,20.816
Japan,JPN,2011,-4.6
Japan,JPN,2012,-2.499
Japan,JPN,2013,7.63
Japan,JPN,2014,10.408
Japan,JPN,2015,14.338
Japan,JPN,2016,-8.261
Japan,JPN,2017,12.677
Japan,JPN,2018,9.705
Japan,JPN,2019,9.337
Kazakhstan,KAZ,1986,-8.227
Kazakhstan,KAZ,1987,19.871
Kazakhstan,KAZ,1988,21.974
Kazakhstan,KAZ,1989,4.298
Kazakhstan,KAZ,1990,1.015
Kazakhstan,KAZ,1991,-2.254
Kazakhstan,KAZ,1992,-4.639
Kazakhstan,KAZ,1993,11.113
Kazakhstan,KAZ,1994,20.317
Kazakhstan,KAZ,1995,-9.238
Kazakhstan,KAZ,1996,-12.003
Kazakhstan,KAZ,1997,-11.349
Kazakhstan,KAZ,1998,-5.509
Kazakhstan,KAZ,1999,-0.147
Kazakhstan,KAZ,2000,22.816
Kazakhstan,KAZ,2001,6.607
Kazakhstan,KAZ,2002,9.294
Kazakhstan,KAZ,2003,-3.603
Kazakhstan,KAZ,2004,-7.179
Kazakhstan,KAZ,2005,-3.108
Kazakhstan,KAZ,2006,-1.741
Kazakhstan,KAZ,2007,4.535
Kazakhstan,KAZ,2008,-9.275
Kazakhstan,KAZ,2009,-8.354
Kazakhstan,KAZ,2010,15.899
Kazakhstan,KAZ,2011,-2.326
Kazakhstan,KAZ,2012,-3.676
Kazakhstan,KAZ,2013,0.648
Kazakhstan,KAZ,2014,6.356
Kazakhstan,KAZ,2015,13.458
Kazakhstan,KAZ,2016,26.118
Kazakhstan,KAZ,2017,-3.419
Kazakhstan,KAZ,2018,-6.897
Kazakhstan,KAZ,2019,-1.529
Kuwait,KWT,2014,1690.315
Kuwait,KWT,2015,54.353
Kuwait,KWT,2016,853.343
Kuwait,KWT,2017,35.092
Kuwait,KWT,2018,24.693
Kuwait,KWT,2019,91.442
Latvia,LVA,1986,0.742
Latvia,LVA,1987,23.27
Latvia,LVA,1988,-18.877
Latvia,LVA,1989,20.177
Latvia,LVA,1990,24.673
Latvia,LVA,1991,-27.157
Latvia,LVA,1992,-23.023
Latvia,LVA,1993,14.082
Latvia,LVA,1994,14.917
Latvia,LVA,1995,-11.135
Latvia,LVA,1996,-36.636
Latvia,LVA,1997,58.786
Latvia,LVA,1998,46.125
Latvia,LVA,1999,-36.105
Latvia,LVA,2000,2.356
Latvia,LVA,2001,-0.122
Latvia,LVA,2002,-13.034
Latvia,LVA,2003,-6.519
Latvia,LVA,2004,35.827
Latvia,LVA,2005,6.176
Latvia,LVA,2006,-18.903
Latvia,LVA,2007,0.837
Latvia,LVA,2008,12.873
Latvia,LVA,2009,9.934
Latvia,LVA,2010,1.68
Latvia,LVA,2011,-15.834
Latvia,LVA,2012,32.265
Latvia,LVA,2013,-14.264
Latvia,LVA,2014,-22.233
Latvia,LVA,2015,0.124
Latvia,LVA,2016,24.336
Latvia,LVA,2017,55.915
Latvia,LVA,2018,-36.318
Latvia,LVA,2019,-7.752
Lithuania,LTU,1986,-2.247
Lithuania,LTU,1987,-5.747
Lithuania,LTU,1988,6.098
Lithuania,LTU,1989,0
Lithuania,LTU,1990,7.676
Lithuania,LTU,1991,-18.357
Lithuania,LTU,1992,-7.988
Lithuania,LTU,1993,26.367
Lithuania,LTU,1994,15.013
Lithuania,LTU,1995,-17.478
Lithuania,LTU,1996,-12.601
Lithuania,LTU,1997,-9.509
Lithuania,LTU,1998,41.356
Lithuania,LTU,1999,-0.719
Lithuania,LTU,2000,-18.043
Lithuania,LTU,2001,-4.105
Lithuania,LTU,2002,8.365
Lithuania,LTU,2003,-7.623
Lithuania,LTU,2004,27.966
Lithuania,LTU,2005,6.755
Lithuania,LTU,2006,-5.754
Lithuania,LTU,2007,32.416
Lithuania,LTU,2008,3.024
Lithuania,LTU,2009,12.92
Lithuania,LTU,2010,32.37
Lithuania,LTU,2011,21.319
Lithuania,LTU,2012,5.713
Lithuania,LTU,2013,28.224
Lithuania,LTU,2014,-1.615
Lithuania,LTU,2015,10.569
Lithuania,LTU,2016,23.608
Lithuania,LTU,2017,20.721
Lithuania,LTU,2018,-15.923
Lithuania,LTU,2019,13.287
Luxembourg,LUX,1966,-10.014
Luxembourg,LUX,1967,12.858
Luxembourg,LUX,1968,2.137
Luxembourg,LUX,1969,-12.981
Luxembourg,LUX,1970,10.535
Luxembourg,LUX,1971,-43.478
Luxembourg,LUX,1972,17.919
Luxembourg,LUX,1973,-11.71
Luxembourg,LUX,1974,47.713
Luxembourg,LUX,1975,-13.603
Luxembourg,LUX,1976,-36.993
Luxembourg,LUX,1977,124.604
Luxembourg,LUX,1978,-1.986
Luxembourg,LUX,1979,8.742
Luxembourg,LUX,1980,3.672
Luxembourg,LUX,1981,8.85
Luxembourg,LUX,1982,-9.376
Luxembourg,LUX,1983,-2.14
Luxembourg,LUX,1984,7.341
Luxembourg,LUX,1985,-16.488
Luxembourg,LUX,1986,17.669
Luxembourg,LUX,1987,18.421
Luxembourg,LUX,1988,-5.825
Luxembourg,LUX,1989,-22.533
Luxembourg,LUX,1990,-7.364
Luxembourg,LUX,1991,18.752
Luxembourg,LUX,1992,-16.541
Luxembourg,LUX,1993,-0.071
Luxembourg,LUX,1994,23.703
Luxembourg,LUX,1995,6.344
Luxembourg,LUX,1996,-29.811
Luxembourg,LUX,1997,36.411
Luxembourg,LUX,1998,39.01
Luxembourg,LUX,1999,-14.831
Luxembourg,LUX,2000,40.04
Luxembourg,LUX,2001,-2.366
Luxembourg,LUX,2002,-10.366
Luxembourg,LUX,2003,-7.304
Luxembourg,LUX,2004,37.445
Luxembourg,LUX,2005,6.401
Luxembourg,LUX,2006,16.758
Luxembourg,LUX,2007,7.033
Luxembourg,LUX,2008,6.075
Luxembourg,LUX,2009,-5.745
Luxembourg,LUX,2010,-0.532
Luxembourg,LUX,2011,-8.864
Luxembourg,LUX,2012,24.582
Luxembourg,LUX,2013,19.44
Luxembourg,LUX,2014,6.775
Luxembourg,LUX,2015,7.694
Luxembourg,LUX,2016,5.504
Luxembourg,LUX,2017,30.529
Luxembourg,LUX,2018,13.353
Luxembourg,LUX,2019,12.731
Malaysia,MYS,1966,17.888
Malaysia,MYS,1967,4.769
Malaysia,MYS,1968,10.897
Malaysia,MYS,1969,26.119
Malaysia,MYS,1970,18.54
Malaysia,MYS,1971,-12.978
Malaysia,MYS,1972,10.325
Malaysia,MYS,1973,-3.986
Malaysia,MYS,1974,-9.206
Malaysia,MYS,1975,-0.099
Malaysia,MYS,1976,-5.672
Malaysia,MYS,1977,-18.882
Malaysia,MYS,1978,17.549
Malaysia,MYS,1979,22.078
Malaysia,MYS,1980,27.66
Malaysia,MYS,1981,10.833
Malaysia,MYS,1982,-3.759
Malaysia,MYS,1983,16.406
Malaysia,MYS,1984,97.315
Malaysia,MYS,1985,9.184
Malaysia,MYS,1986,9.346
Malaysia,MYS,1987,20.513
Malaysia,MYS,1988,15.366
Malaysia,MYS,1989,-7.582
Malaysia,MYS,1990,-23.947
Malaysia,MYS,1991,10.496
Malaysia,MYS,1992,-3.671
Malaysia,MYS,1993,13.229
Malaysia,MYS,1994,33.587
Malaysia,MYS,1995,-4.088
Malaysia,MYS,1996,-16.629
Malaysia,MYS,1997,-19.502
Malaysia,MYS,1998,6.806
Malaysia,MYS,1999,69.441
Malaysia,MYS,2000,0.171
Malaysia,MYS,2001,-12.795
Malaysia,MYS,2002,-12.925
Malaysia,MYS,2003,-5.983
Malaysia,MYS,2004,10.963
Malaysia,MYS,2005,6.641
Malaysia,MYS,2006,4.603
Malaysia,MYS,2007,-3.918
Malaysia,MYS,2008,27.298
Malaysia,MYS,2009,-4.318
Malaysia,MYS,2010,-8.525
Malaysia,MYS,2011,25.067
Malaysia,MYS,2012,11.476
Malaysia,MYS,2013,20.494
Malaysia,MYS,2014,9.039
Malaysia,MYS,2015,3.851
Malaysia,MYS,2016,40.281
Malaysia,MYS,2017,31.68
Malaysia,MYS,2018,-1.182
Malaysia,MYS,2019,3.06
Mexico,MEX,1966,14.16
Mexico,MEX,1967,8.885
Mexico,MEX,1968,14.75
Mexico,MEX,1969,6.043
Mexico,MEX,1970,11.927
Mexico,MEX,1971,-2.886
Mexico,MEX,1972,6.581
Mexico,MEX,1973,6.445
Mexico,MEX,1974,3.865
Mexico,MEX,1975,-8.567
Mexico,MEX,1976,13.592
Mexico,MEX,1977,10.94
Mexico,MEX,1978,-15.011
Mexico,MEX,1979,13.155
Mexico,MEX,1980,-6.317
Mexico,MEX,1981,43.518
Mexico,MEX,1982,-5.324
Mexico,MEX,1983,-8.811
Mexico,MEX,1984,13.316
Mexico,MEX,1985,20.143
Mexico,MEX,1986,-17.882
Mexico,MEX,1987,-4.003
Mexico,MEX,1988,11.669
Mexico,MEX,1989,13.45
Mexico,MEX,1990,-1.406
Mexico,MEX,1991,-3.871
Mexico,MEX,1992,16.593
Mexico,MEX,1993,-0.071
Mexico,MEX,1994,-20.084
Mexico,MEX,1995,28.397
Mexico,MEX,1996,10.309
Mexico,MEX,1997,-14.04
Mexico,MEX,1998,-4.68
Mexico,MEX,1999,26.152
Mexico,MEX,2000,1.709
Mexico,MEX,2001,-12.611
Mexico,MEX,2002,-10.413
Mexico,MEX,2003,-13.769
Mexico,MEX,2004,20.023
Mexico,MEX,2005,9.807
Mexico,MEX,2006,5.191
Mexico,MEX,2007,-6.202
Mexico,MEX,2008,31.097
Mexico,MEX,2009,-26.543
Mexico,MEX,2010,30.348
Mexico,MEX,2011,-1.851
Mexico,MEX,2012,-6.754
Mexico,MEX,2013,-7.069
Mexico,MEX,2014,32.388
Mexico,MEX,2015,-10.457
Mexico,MEX,2016,2.272
Mexico,MEX,2017,4.999
Mexico,MEX,2018,7.721
Mexico,MEX,2019,9.908
Morocco,MAR,1966,-13.108
Morocco,MAR,1967,-11.575
Morocco,MAR,1968,13.519
Morocco,MAR,1969,29.301
Morocco,MAR,1970,-1.608
Morocco,MAR,1971,12.927
Morocco,MAR,1972,5
Morocco,MAR,1973,-25.313
Morocco,MAR,1974,12.164
Morocco,MAR,1975,-24.009
Morocco,MAR,1976,-1.772
Morocco,MAR,1977,36.774
Morocco,MAR,1978,3.736
Morocco,MAR,1979,11.723
Morocco,MAR,1980,-4.235
Morocco,MAR,1981,-32.409
Morocco,MAR,1982,-44.141
Morocco,MAR,1983,-15.909
Morocco,MAR,1984,-23.909
Morocco,MAR,1985,32.787
Morocco,MAR,1986,32.305
Morocco,MAR,1987,28.305
Morocco,MAR,1988,13.455
Morocco,MAR,1989,23.611
Morocco,MAR,1990,5.445
Morocco,MAR,1991,0.492
Morocco,MAR,1992,-21.37
Morocco,MAR,1993,-54.046
Morocco,MAR,1994,89.616
Morocco,MAR,1995,-27.262
Morocco,MAR,1996,220.295
Morocco,MAR,1997,6.438
Morocco,MAR,1998,-14.69
Morocco,MAR,1999,-53.573
Morocco,MAR,2000,-5.212
Morocco,MAR,2001,35.699
Morocco,MAR,2002,-3.631
Morocco,MAR,2003,57.729
Morocco,MAR,2004,8.165
Morocco,MAR,2005,-35
Morocco,MAR,2006,-1.079
Morocco,MAR,2007,0.671
Morocco,MAR,2008,2.164
Morocco,MAR,2009,142.256
Morocco,MAR,2010,38.584
Morocco,MAR,2011,-35.027
Morocco,MAR,2012,-13.081
Morocco,MAR,2013,68.535
Morocco,MAR,2014,-11.501
Morocco,MAR,2015,23.097
Morocco,MAR,2016,4.98
Morocco,MAR,2017,-1.066
Morocco,MAR,2018,39.084
Morocco,MAR,2019,15.904
Netherlands,NLD,1976,8.593
Netherlands,NLD,1977,-0.573
Netherlands,NLD,1978,39.677
Netherlands,NLD,1979,-8.671
Netherlands,NLD,1980,-7.414
Netherlands,NLD,1981,5.957
Netherlands,NLD,1982,-75.576
Netherlands,NLD,1983,-12.83
Netherlands,NLD,1984,-92.641
Netherlands,NLD,1985,2511.765
Netherlands,NLD,1986,25.45
Netherlands,NLD,1987,26.571
Netherlands,NLD,1988,20.993
Netherlands,NLD,1989,12.544
Netherlands,NLD,1990,-15.521
Netherlands,NLD,1991,16.153
Netherlands,NLD,1992,8.28
Netherlands,NLD,1993,10.784
Netherlands,NLD,1994,13.01
Netherlands,NLD,1995,11.432
Netherlands,NLD,1996,28.953
Netherlands,NLD,1997,10.736
Netherlands,NLD,1998,15.457
Netherlands,NLD,1999,7.79
Netherlands,NLD,2000,18.326
Netherlands,NLD,2001,10.013
Netherlands,NLD,2002,19.326
Netherlands,NLD,2003,-0.919
Netherlands,NLD,2004,33.228
Netherlands,NLD,2005,39.428
Netherlands,NLD,2006,9.766
Netherlands,NLD,2007,9.135
Netherlands,NLD,2008,18.022
Netherlands,NLD,2009,15.649
Netherlands,NLD,2010,-2.62
Netherlands,NLD,2011,11.965
Netherlands,NLD,2012,1.316
Netherlands,NLD,2013,-3.37
Netherlands,NLD,2014,-2.352
Netherlands,NLD,2015,12.34
Netherlands,NLD,2016,4.312
Netherlands,NLD,2017,20.508
Netherlands,NLD,2018,12.168
Netherlands,NLD,2019,17.655
New Zealand,NZL,1966,7.017
New Zealand,NZL,1967,1.565
New Zealand,NZL,1968,5.774
New Zealand,NZL,1969,-0.803
New Zealand,NZL,1970,7.561
New Zealand,NZL,1971,12.239
New Zealand,NZL,1972,5.569
New Zealand,NZL,1973,-1.101
New Zealand,NZL,1974,3.727
New Zealand,NZL,1975,8.861
New Zealand,NZL,1976,-6.59
New Zealand,NZL,1977,-4.965
New Zealand,NZL,1978,5.877
New Zealand,NZL,1979,15.34
New Zealand,NZL,1980,5.075
New Zealand,NZL,1981,1.343
New Zealand,NZL,1982,-6.32
New Zealand,NZL,1983,7.345
New Zealand,NZL,1984,3.629
New Zealand,NZL,1985,-3.591
New Zealand,NZL,1986,11.508
New Zealand,NZL,1987,-0.73
New Zealand,NZL,1988,4.405
New Zealand,NZL,1989,0.361
New Zealand,NZL,1990,3.925
New Zealand,NZL,1991,-0.443
New Zealand,NZL,1992,-7.107
New Zealand,NZL,1993,10.575
New Zealand,NZL,1994,8.332
New Zealand,NZL,1995,5.749
New Zealand,NZL,1996,-4.635
New Zealand,NZL,1997,-9.812
New Zealand,NZL,1998,9.38
New Zealand,NZL,1999,-7.596
New Zealand,NZL,2000,6.727
New Zealand,NZL,2001,-10.96
New Zealand,NZL,2002,11.532
New Zealand,NZL,2003,-5.312
New Zealand,NZL,2004,13.918
New Zealand,NZL,2005,-11.097
New Zealand,NZL,2006,1.222
New Zealand,NZL,2007,1.399
New Zealand,NZL,2008,-2.415
New Zealand,NZL,2009,9.898
New Zealand,NZL,2010,4.718
New Zealand,NZL,2011,2.303
New Zealand,NZL,2012,-6.531
New Zealand,NZL,2013,0.373
New Zealand,NZL,2014,6.692
New Zealand,NZL,2015,2.174
New Zealand,NZL,2016,3.326
New Zealand,NZL,2017,-3.19
New Zealand,NZL,2018,2.258
New Zealand,NZL,2019,-1.493
North Macedonia,MKD,1991,72.709
North Macedonia,MKD,1992,0
North Macedonia,MKD,1993,-38.443
North Macedonia,MKD,1994,33.142
North Macedonia,MKD,1995,15.252
North Macedonia,MKD,1996,6.117
North Macedonia,MKD,1997,5.882
North Macedonia,MKD,1998,20.333
North Macedonia,MKD,1999,28.255
North Macedonia,MKD,2000,-15.767
North Macedonia,MKD,2001,-46.843
North Macedonia,MKD,2002,20.146
North Macedonia,MKD,2003,80.342
North Macedonia,MKD,2004,7.173
North Macedonia,MKD,2005,0.038
North Macedonia,MKD,2006,9.894
North Macedonia,MKD,2007,-39.17
North Macedonia,MKD,2008,-17.348
North Macedonia,MKD,2009,50.257
North Macedonia,MKD,2010,90.245
North Macedonia,MKD,2011,-41.365
North Macedonia,MKD,2012,-27.658
North Macedonia,MKD,2013,51.693
North Macedonia,MKD,2014,-19.403
North Macedonia,MKD,2015,56.132
North Macedonia,MKD,2016,1.26
North Macedonia,MKD,2017,-37.653
North Macedonia,MKD,2018,50.768
North Macedonia,MKD,2019,-31.884
Norway,NOR,1966,-1.432
Norway,NOR,1967,9.349
Norway,NOR,1968,12.953
Norway,NOR,1969,-4.707
Norway,NOR,1970,0.762
Norway,NOR,1971,9.405
Norway,NOR,1972,6.597
Norway,NOR,1973,8.084
Norway,NOR,1974,5.119
Norway,NOR,1975,0.957
Norway,NOR,1976,5.952
Norway,NOR,1977,-12.096
Norway,NOR,1978,12.057
Norway,NOR,1979,9.903
Norway,NOR,1980,-5.733
Norway,NOR,1981,11.028
Norway,NOR,1982,-0.361
Norway,NOR,1983,14.259
Norway,NOR,1984,0.203
Norway,NOR,1985,-3.319
Norway,NOR,1986,-6.017
Norway,NOR,1987,7.344
Norway,NOR,1988,5.412
Norway,NOR,1989,8.766
Norway,NOR,1990,2.473
Norway,NOR,1991,-9.076
Norway,NOR,1992,5.941
Norway,NOR,1993,2.205
Norway,NOR,1994,-6.33
Norway,NOR,1995,8.852
Norway,NOR,1996,-14.492
Norway,NOR,1997,5.617
Norway,NOR,1998,5.415
Norway,NOR,1999,4.972
Norway,NOR,2000,16.733
Norway,NOR,2001,-15.581
Norway,NOR,2002,6.689
Norway,NOR,2003,-18.748
Norway,NOR,2004,2.521
Norway,NOR,2005,24.006
Norway,NOR,2006,-12.372
Norway,NOR,2007,11.377
Norway,NOR,2008,3.371
Norway,NOR,2009,-10.436
Norway,NOR,2010,-7.303
Norway,NOR,2011,2.71
Norway,NOR,2012,17.084
Norway,NOR,2013,-9.724
Norway,NOR,2014,5.105
Norway,NOR,2015,0.962
Norway,NOR,2016,2.746
Norway,NOR,2017,-0.403
Norway,NOR,2018,-1.888
Norway,NOR,2019,-8.713
Oman,OMN,2014,-0.599
Oman,OMN,2015,206.498
Oman,OMN,2016,-0.081
Oman,OMN,2017,-0.588
Oman,OMN,2018,0.384
Oman,OMN,2019,-0.369
Pakistan,PAK,1966,0
Pakistan,PAK,1967,18.511
Pakistan,PAK,1968,20.204
Pakistan,PAK,1969,5.508
Pakistan,PAK,1970,-11.513
Pakistan,PAK,1971,30.56
Pakistan,PAK,1972,5.214
Pakistan,PAK,1973,5.507
Pakistan,PAK,1974,0.522
Pakistan,PAK,1975,15.057
Pakistan,PAK,1976,8.574
Pakistan,PAK,1977,18.786
Pakistan,PAK,1978,24.143
Pakistan,PAK,1979,8.117
Pakistan,PAK,1980,4.849
Pakistan,PAK,1981,4.426
Pakistan,PAK,1982,12.524
Pakistan,PAK,1983,15.827
Pakistan,PAK,1984,3.654
Pakistan,PAK,1985,3.877
Pakistan,PAK,1986,-4.377
Pakistan,PAK,1987,31.476
Pakistan,PAK,1988,4.831
Pakistan,PAK,1989,1.622
Pakistan,PAK,1990,-2.052
Pakistan,PAK,1991,7.01
Pakistan,PAK,1992,9.089
Pakistan,PAK,1993,9.971
Pakistan,PAK,1994,-1.854
Pakistan,PAK,1995,5.666
Pakistan,PAK,1996,9.015
Pakistan,PAK,1997,-25.61
Pakistan,PAK,1998,30.69
Pakistan,PAK,1999,-10.797
Pakistan,PAK,2000,-14.043
Pakistan,PAK,2001,3
Pakistan,PAK,2002,10.835
Pakistan,PAK,2003,19.159
Pakistan,PAK,2004,5.772
Pakistan,PAK,2005,11.772
Pakistan,PAK,2006,-2.081
Pakistan,PAK,2007,4.066
Pakistan,PAK,2008,-14.231
Pakistan,PAK,2009,4.51
Pakistan,PAK,2010,3.093
Pakistan,PAK,2011,2.049
Pakistan,PAK,2012,-64.904
Pakistan,PAK,2013,361.469
Pakistan,PAK,2014,-34.037
Pakistan,PAK,2015,2.89
Pakistan,PAK,2016,7.982
Pakistan,PAK,2017,-8.146
Pakistan,PAK,2018,-1.549
Pakistan,PAK,2019,23.522
Peru,PER,1966,7.695
Peru,PER,1967,12.062
Peru,PER,1968,7.323
Peru,PER,1969,8.853
Peru,PER,1970,-4.458
Peru,PER,1971,27.63
Peru,PER,1972,3.302
Peru,PER,1973,7.229
Peru,PER,1974,9.662
Peru,PER,1975,4.579
Peru,PER,1976,5.32
Peru,PER,1977,3.793
Peru,PER,1978,2.234
Peru,PER,1979,7.164
Peru,PER,1980,3.335
Peru,PER,1981,13.77
Peru,PER,1982,5.885
Peru,PER,1983,-3.452
Peru,PER,1984,7.186
Peru,PER,1985,7.982
Peru,PER,1986,6.942
Peru,PER,1987,7.832
Peru,PER,1988,-4.131
Peru,PER,1989,0.881
Peru,PER,1990,-0.441
Peru,PER,1991,9.618
Peru,PER,1992,-15.51
Peru,PER,1993,21.238
Peru,PER,1994,8.045
Peru,PER,1995,1.66
Peru,PER,1996,2.916
Peru,PER,1997,-0.683
Peru,PER,1998,4.231
Peru,PER,1999,5.349
Peru,PER,2000,11.272
Peru,PER,2001,8.134
Peru,PER,2002,1.86
Peru,PER,2003,2.104
Peru,PER,2004,-6.214
Peru,PER,2005,3.002
Peru,PER,2006,8.141
Peru,PER,2007,-0.508
Peru,PER,2008,-2.842
Peru,PER,2009,3.681
Peru,PER,2010,1.15
Peru,PER,2011,6.618
Peru,PER,2012,1.751
Peru,PER,2013,2.528
Peru,PER,2014,1.437
Peru,PER,2015,5.463
Peru,PER,2016,0.763
Peru,PER,2017,21.411
Peru,PER,2018,8.145
Peru,PER,2019,3.643
Philippines,PHL,1966,-1.935
Philippines,PHL,1967,10.526
Philippines,PHL,1968,2.381
Philippines,PHL,1969,5.523
Philippines,PHL,1970,15.537
Philippines,PHL,1971,-7.821
Philippines,PHL,1972,14.175
Philippines,PHL,1973,7.567
Philippines,PHL,1974,-13.606
Philippines,PHL,1975,10.775
Philippines,PHL,1976,23.019
Philippines,PHL,1977,-24.329
Philippines,PHL,1978,33.05
Philippines,PHL,1979,25.016
Philippines,PHL,1980,58.242
Philippines,PHL,1981,37.191
Philippines,PHL,1982,0.572
Philippines,PHL,1983,15.911
Philippines,PHL,1984,19.471
Philippines,PHL,1985,8.073
Philippines,PHL,1986,0.827
Philippines,PHL,1987,-12.487
Philippines,PHL,1988,13.25
Philippines,PHL,1989,6.092
Philippines,PHL,1990,-1.878
Philippines,PHL,1991,-8.821
Philippines,PHL,1992,-6.998
Philippines,PHL,1993,5.493
Philippines,PHL,1994,13.882
Philippines,PHL,1995,1.519
Philippines,PHL,1996,9.679
Philippines,PHL,1997,-1.902
Philippines,PHL,1998,5.065
Philippines,PHL,1999,31.86
Philippines,PHL,2000,5.376
Philippines,PHL,2001,-10.26
Philippines,PHL,2002,-2.177
Philippines,PHL,2003,1.756
Philippines,PHL,2004,6.001
Philippines,PHL,2005,-3.613
Philippines,PHL,2006,11.047
Philippines,PHL,2007,-8.504
Philippines,PHL,2008,8.826
Philippines,PHL,2009,-2.724
Philippines,PHL,2010,-12.27
Philippines,PHL,2011,10.665
Philippines,PHL,2012,3.987
Philippines,PHL,2013,-4.713
Philippines,PHL,2014,-1.065
Philippines,PHL,2015,5.193
Philippines,PHL,2016,4.228
Philippines,PHL,2017,4.856
Philippines,PHL,2018,0.027
Philippines,PHL,2019,2.237
Poland,POL,1966,1.302
Poland,POL,1967,7.173
Poland,POL,1968,5.095
Poland,POL,1969,-15.019
Poland,POL,1970,104.698
Poland,POL,1971,-8.743
Poland,POL,1972,1.078
Poland,POL,1973,-0.533
Poland,POL,1974,40.381
Poland,POL,1975,-6.619
Poland,POL,1976,-16.947
Poland,POL,1977,21.554
Poland,POL,1978,-0.405
Poland,POL,1979,-7.501
Poland,POL,1980,26.869
Poland,POL,1981,-7.355
Poland,POL,1982,-24.688
Poland,POL,1983,12.417
Poland,POL,1984,-13.942
Poland,POL,1985,28.294
Poland,POL,1986,-14.762
Poland,POL,1987,-3.286
Poland,POL,1988,1.78
Poland,POL,1989,-9.274
Poland,POL,1990,-14.019
Poland,POL,1991,2.446
Poland,POL,1992,7.294
Poland,POL,1993,-4.265
Poland,POL,1994,15.171
Poland,POL,1995,9.585
Poland,POL,1996,5.575
Poland,POL,1997,3.295
Poland,POL,1998,18.809
Poland,POL,1999,-7.146
Poland,POL,2000,-0.85
Poland,POL,2001,18.565
Poland,POL,2002,-1.216
Poland,POL,2003,-14.647
Poland,POL,2004,31.067
Poland,POL,2005,28.933
Poland,POL,2006,14.694
Poland,POL,2007,24.18
Poland,POL,2008,44.963
Poland,POL,2009,33.139
Poland,POL,2010,19.437
Poland,POL,2011,16.982
Poland,POL,2012,24.449
Poland,POL,2013,-0.019
Poland,POL,2014,12.209
Poland,POL,2015,10.855
Poland,POL,2016,-3.865
Poland,POL,2017,7.835
Poland,POL,2018,-4.464
Poland,POL,2019,14
Portugal,PRT,1966,30.942
Portugal,PRT,1967,3.598
Portugal,PRT,1968,-4.53
Portugal,PRT,1969,21.695
Portugal,PRT,1970,-9.118
Portugal,PRT,1971,5.392
Portugal,PRT,1972,14.035
Portugal,PRT,1973,4.528
Portugal,PRT,1974,6.419
Portugal,PRT,1975,-17.008
Portugal,PRT,1976,-24.511
Portugal,PRT,1977,103.309
Portugal,PRT,1978,8.265
Portugal,PRT,1979,3.876
Portugal,PRT,1980,-27.339
Portugal,PRT,1981,-36.053
Portugal,PRT,1982,36.473
Portugal,PRT,1983,15.906
Portugal,PRT,1984,20.247
Portugal,PRT,1985,10.88
Portugal,PRT,1986,-18.868
Portugal,PRT,1987,7.094
Portugal,PRT,1988,31.934
Portugal,PRT,1989,-49.697
Portugal,PRT,1990,51.974
Portugal,PRT,1991,0.061
Portugal,PRT,1992,-43.828
Portugal,PRT,1993,70.739
Portugal,PRT,1994,23.149
Portugal,PRT,1995,-19.352
Portugal,PRT,1996,68.186
Portugal,PRT,1997,-9.879
Portugal,PRT,1998,-0.552
Portugal,PRT,1999,-38.892
Portugal,PRT,2000,48.799
Portugal,PRT,2001,21.533
Portugal,PRT,2002,-38.57
Portugal,PRT,2003,80.751
Portugal,PRT,2004,-30.867
Portugal,PRT,2005,-33.617
Portugal,PRT,2006,92.564
Portugal,PRT,2007,4.446
Portugal,PRT,2008,-9.59
Portugal,PRT,2009,25.723
Portugal,PRT,2010,53.604
Portugal,PRT,2011,-15.019
Portugal,PRT,2012,-19.549
Portugal,PRT,2013,48.003
Portugal,PRT,2014,6.209
Portugal,PRT,2015,-21.309
Portugal,PRT,2016,28.404
Portugal,PRT,2017,-29.629
Portugal,PRT,2018,28.543
Portugal,PRT,2019,-7.227
Qatar,QAT,2012,-0.606
Qatar,QAT,2013,1.676
Qatar,QAT,2014,1.71
Qatar,QAT,2015,-0.595
Qatar,QAT,2016,0.93
Qatar,QAT,2017,-0.588
Qatar,QAT,2018,-0.585
Qatar,QAT,2019,-0.369
Romania,ROU,1966,2.985
Romania,ROU,1967,42.609
Romania,ROU,1968,5.827
Romania,ROU,1969,41.933
Romania,ROU,1970,25.079
Romania,ROU,1971,62.099
Romania,ROU,1972,63.359
Romania,ROU,1973,2.778
Romania,ROU,1974,12.31
Romania,ROU,1975,10.441
Romania,ROU,1976,-13.396
Romania,ROU,1977,15.271
Romania,ROU,1978,13.579
Romania,ROU,1979,6.831
Romania,ROU,1980,11.447
Romania,ROU,1981,0.791
Romania,ROU,1982,-6.933
Romania,ROU,1983,-15.32
Romania,ROU,1984,12.831
Romania,ROU,1985,12.246
Romania,ROU,1986,-14.969
Romania,ROU,1987,3.691
Romania,ROU,1988,31.823
Romania,ROU,1989,-7.431
Romania,ROU,1990,-16.559
Romania,ROU,1991,27.818
Romania,ROU,1992,-19.783
Romania,ROU,1993,9.118
Romania,ROU,1994,2.169
Romania,ROU,1995,27.955
Romania,ROU,1996,-5.619
Romania,ROU,1997,11.203
Romania,ROU,1998,7.82
Romania,ROU,1999,-3.176
Romania,ROU,2000,-19.202
Romania,ROU,2001,0.325
Romania,ROU,2002,6.852
Romania,ROU,2003,-17.895
Romania,ROU,2004,23.751
Romania,ROU,2005,21.602
Romania,ROU,2006,-9.734
Romania,ROU,2007,-13.382
Romania,ROU,2008,6.955
Romania,ROU,2009,-10.253
Romania,ROU,2010,29.725
Romania,ROU,2011,-20.133
Romania,ROU,2012,-9.063
Romania,ROU,2013,33.091
Romania,ROU,2014,24.577
Romania,ROU,2015,3.987
Romania,ROU,2016,2.318
Romania,ROU,2017,-10.492
Romania,ROU,2018,7.243
Romania,ROU,2019,-6.981
Russia,RUS,1986,2.883
Russia,RUS,1987,-1.097
Russia,RUS,1988,-0.987
Russia,RUS,1989,-0.744
Russia,RUS,1990,4.498
Russia,RUS,1991,0.748
Russia,RUS,1992,2.675
Russia,RUS,1993,0.98
Russia,RUS,1994,0.939
Russia,RUS,1995,0.186
Russia,RUS,1996,-12.448
Russia,RUS,1997,2.024
Russia,RUS,1998,0.676
Russia,RUS,1999,1.258
Russia,RUS,2000,2.247
Russia,RUS,2001,5.318
Russia,RUS,2002,-7.304
Russia,RUS,2003,-4.502
Russia,RUS,2004,12.155
Russia,RUS,2005,-2.362
Russia,RUS,2006,-0.212
Russia,RUS,2007,1.514
Russia,RUS,2008,-7.485
Russia,RUS,2009,5.051
Russia,RUS,2010,-4.98
Russia,RUS,2011,-2.636
Russia,RUS,2012,-0.395
Russia,RUS,2013,10.116
Russia,RUS,2014,-4.672
Russia,RUS,2015,-3.589
Russia,RUS,2016,9.243
Russia,RUS,2017,-0.218
Russia,RUS,2018,2.433
Russia,RUS,2019,1.797
Saudi Arabia,SAU,2009,-0.617
Saudi Arabia,SAU,2010,567.309
Saudi Arabia,SAU,2011,20.537
Saudi Arabia,SAU,2012,372.557
Saudi Arabia,SAU,2013,64.684
Saudi Arabia,SAU,2014,7.371
Saudi Arabia,SAU,2015,204.363
Saudi Arabia,SAU,2016,-0.592
Saudi Arabia,SAU,2017,19.495
Saudi Arabia,SAU,2018,143.964
Saudi Arabia,SAU,2019,365.628
Singapore,SGP,1987,0
Singapore,SGP,1988,0
Singapore,SGP,1989,0
Singapore,SGP,1990,0
Singapore,SGP,1991,188.235
Singapore,SGP,1992,0
Singapore,SGP,1993,0
Singapore,SGP,1994,0
Singapore,SGP,1995,0
Singapore,SGP,1996,0
Singapore,SGP,1997,0
Singapore,SGP,1998,0
Singapore,SGP,1999,0
Singapore,SGP,2000,0
Singapore,SGP,2001,91.808
Singapore,SGP,2002,-0.645
Singapore,SGP,2003,3.98
Singapore,SGP,2004,-3.849
Singapore,SGP,2005,-0.911
Singapore,SGP,2006,-1.439
Singapore,SGP,2007,3.537
Singapore,SGP,2008,4.927
Singapore,SGP,2009,0.816
Singapore,SGP,2010,10.96
Singapore,SGP,2011,2.73
Singapore,SGP,2012,4.905
Singapore,SGP,2013,10.877
Singapore,SGP,2014,6.364
Singapore,SGP,2015,11.36
Singapore,SGP,2016,2.756
Singapore,SGP,2017,0.265
Singapore,SGP,2018,-0.565
Singapore,SGP,2019,5.542
Slovakia,SVK,1966,-4.175
Slovakia,SVK,1967,-14.315
Slovakia,SVK,1968,-8.232
Slovakia,SVK,1969,-22.164
Slovakia,SVK,1970,50.847
Slovakia,SVK,1971,-24.948
Slovakia,SVK,1972,4.743
Slovakia,SVK,1973,-14.489
Slovakia,SVK,1974,68.154
Slovakia,SVK,1975,-9.942
Slovakia,SVK,1976,0.849
Slovakia,SVK,1977,19.267
Slovakia,SVK,1978,-6.188
Slovakia,SVK,1979,-16.6
Slovakia,SVK,1980,19.798
Slovakia,SVK,1981,-12.893
Slovakia,SVK,1982,-12.208
Slovakia,SVK,1983,6.141
Slovakia,SVK,1984,-15.12
Slovakia,SVK,1985,36.141
Slovakia,SVK,1986,-20.879
Slovakia,SVK,1987,15.343
Slovakia,SVK,1988,-9.161
Slovakia,SVK,1989,11.795
Slovakia,SVK,1990,-4.179
Slovakia,SVK,1991,-25.106
Slovakia,SVK,1992,37.571
Slovakia,SVK,1993,78.988
Slovakia,SVK,1994,25.613
Slovakia,SVK,1995,12.055
Slovakia,SVK,1996,-13.381
Slovakia,SVK,1997,-3.856
Slovakia,SVK,1998,4.995
Slovakia,SVK,1999,4.851
Slovakia,SVK,2000,3.152
Slovakia,SVK,2001,9.383
Slovakia,SVK,2002,5.984
Slovakia,SVK,2003,-37.873
Slovakia,SVK,2004,17.834
Slovakia,SVK,2005,12.718
Slovakia,SVK,2006,2.096
Slovakia,SVK,2007,1.921
Slovakia,SVK,2008,-4.717
Slovakia,SVK,2009,7.215
Slovakia,SVK,2010,15.688
Slovakia,SVK,2011,-16.505
Slovakia,SVK,2012,10.031
Slovakia,SVK,2013,15.474
Slovakia,SVK,2014,0.833
Slovakia,SVK,2015,-2.132
Slovakia,SVK,2016,4.028
Slovakia,SVK,2017,-0.573
Slovakia,SVK,2018,-11.634
Slovakia,SVK,2019,5.581
Slovenia,SVN,1991,21.318
Slovenia,SVN,1992,-5.127
Slovenia,SVN,1993,-11.335
Slovenia,SVN,1994,11.993
Slovenia,SVN,1995,-4.325
Slovenia,SVN,1996,12.792
Slovenia,SVN,1997,-15.731
Slovenia,SVN,1998,11.614
Slovenia,SVN,1999,9.275
Slovenia,SVN,2000,3.554
Slovenia,SVN,2001,-1.565
Slovenia,SVN,2002,-12.281
Slovenia,SVN,2003,-10.417
Slovenia,SVN,2004,36.055
Slovenia,SVN,2005,-15.835
Slovenia,SVN,2006,2.683
Slovenia,SVN,2007,-9.243
Slovenia,SVN,2008,27.099
Slovenia,SVN,2009,13.264
Slovenia,SVN,2010,-3.851
Slovenia,SVN,2011,-18.848
Slovenia,SVN,2012,10.896
Slovenia,SVN,2013,17.307
Slovenia,SVN,2014,28.644
Slovenia,SVN,2015,-34.527
Slovenia,SVN,2016,15.478
Slovenia,SVN,2017,-12.52
Slovenia,SVN,2018,17.057
Slovenia,SVN,2019,-5.952
South Africa,ZAF,1966,-2.703
South Africa,ZAF,1967,-27.778
South Africa,ZAF,1968,-7.692
South Africa,ZAF,1969,-12.5
South Africa,ZAF,1970,19.048
South Africa,ZAF,1971,348
South Africa,ZAF,1972,644.643
South Africa,ZAF,1973,18.106
South Africa,ZAF,1974,14.924
South Africa,ZAF,1975,-1.06
South Africa,ZAF,1976,67.5
South Africa,ZAF,1977,3.625
South Africa,ZAF,1978,-1.903
South Africa,ZAF,1979,-40.01
South Africa,ZAF,1980,-13.287
South Africa,ZAF,1981,66.633
South Africa,ZAF,1982,-38.536
South Africa,ZAF,1983,-41.437
South Africa,ZAF,1984,-5.882
South Africa,ZAF,1985,11.429
South Africa,ZAF,1986,160.096
South Africa,ZAF,1987,-0.37
South Africa,ZAF,1988,95.547
South Africa,ZAF,1989,-12.745
South Africa,ZAF,1990,-63.393
South Africa,ZAF,1991,96.04
South Africa,ZAF,1992,-62.02
South Africa,ZAF,1993,-80.585
South Africa,ZAF,1994,635.616
South Africa,ZAF,1995,-50.745
South Africa,ZAF,1996,160.681
South Africa,ZAF,1997,62.292
South Africa,ZAF,1998,-18.409
South Africa,ZAF,1999,-49.452
South Africa,ZAF,2000,72.026
South Africa,ZAF,2001,34.835
South Africa,ZAF,2002,17.88
South Africa,ZAF,2003,-51.2
South Africa,ZAF,2004,7.563
South Africa,ZAF,2005,30.573
South Africa,ZAF,2006,85.46
South Africa,ZAF,2007,-0.789
South Africa,ZAF,2008,-47.495
South Africa,ZAF,2009,10.438
South Africa,ZAF,2010,-18.579
South Africa,ZAF,2011,123.089
South Africa,ZAF,2012,-56.733
South Africa,ZAF,2013,18.304
South Africa,ZAF,2014,135.801
South Africa,ZAF,2015,58.441
South Africa,ZAF,2016,21.742
South Africa,ZAF,2017,32.593
South Africa,ZAF,2018,12.548
South Africa,ZAF,2019,2.479
South Korea,PRK,1966,38.694
South Korea,PRK,1967,-3.263
South Korea,PRK,1968,-2.485
South Korea,PRK,1969,53.689
South Korea,PRK,1970,-14.549
South Korea,PRK,1971,8.134
South Korea,PRK,1972,3.644
South Korea,PRK,1973,-6.112
South Korea,PRK,1974,48.378
South Korea,PRK,1975,-11.703
South Korea,PRK,1976,6.29
South Korea,PRK,1977,-22.136
South Korea,PRK,1978,29.783
South Korea,PRK,1979,27.034
South Korea,PRK,1980,-16.366
South Korea,PRK,1981,35.271
South Korea,PRK,1982,-33.966
South Korea,PRK,1983,33.744
South Korea,PRK,1984,-12.904
South Korea,PRK,1985,59.396
South Korea,PRK,1986,-2.358
South Korea,PRK,1987,27.509
South Korea,PRK,1988,-49.885
South Korea,PRK,1989,49.151
South Korea,PRK,1990,58.063
South Korea,PRK,1991,-25.569
South Korea,PRK,1992,-11.115
South Korea,PRK,1993,36.494
South Korea,PRK,1994,-44.473
South Korea,PRK,1995,28.216
South Korea,PRK,1996,-6.028
South Korea,PRK,1997,2.319
South Korea,PRK,1998,49.98
South Korea,PRK,1999,-1.997
South Korea,PRK,2000,-3.433
South Korea,PRK,2001,-41.105
South Korea,PRK,2002,40.006
South Korea,PRK,2003,47.755
South Korea,PRK,2004,-8.793
South Korea,PRK,2005,-12.366
South Korea,PRK,2006,1.192
South Korea,PRK,2007,16.618
South Korea,PRK,2008,8.168
South Korea,PRK,2009,20.145
South Korea,PRK,2010,30.489
South Korea,PRK,2011,14.516
South Korea,PRK,2012,-0.79
South Korea,PRK,2013,18.404
South Korea,PRK,2014,3.85
South Korea,PRK,2015,23.363
South Korea,PRK,2016,23.854
South Korea,PRK,2017,25.425
South Korea,PRK,2018,27.152
South Korea,PRK,2019,15.215
Spain,ESP,1966,38.457
Spain,ESP,1967,-16.879
Spain,ESP,1968,7.64
Spain,ESP,1969,25.484
Spain,ESP,1970,-9.097
Spain,ESP,1971,14.555
Spain,ESP,1972,11.491
Spain,ESP,1973,-18.469
Spain,ESP,1974,5.699
Spain,ESP,1975,-14.504
Spain,ESP,1976,-19.325
Spain,ESP,1977,89.105
Spain,ESP,1978,1.577
Spain,ESP,1979,14.99
Spain,ESP,1980,-35.877
Spain,ESP,1981,-25.227
Spain,ESP,1982,19.905
Spain,ESP,1983,2.942
Spain,ESP,1984,16.036
Spain,ESP,1985,-0.425
Spain,ESP,1986,-15.255
Spain,ESP,1987,3.381
Spain,ESP,1988,28.53
Spain,ESP,1989,-44.469
Spain,ESP,1990,30.231
Spain,ESP,1991,7.199
Spain,ESP,1992,-29.591
Spain,ESP,1993,27.925
Spain,ESP,1994,15.641
Spain,ESP,1995,-15.846
Spain,ESP,1996,69.047
Spain,ESP,1997,-10.337
Spain,ESP,1998,-0.251
Spain,ESP,1999,-25.892
Spain,ESP,2000,32.021
Spain,ESP,2001,36.867
Spain,ESP,2002,-29.129
Spain,ESP,2003,60.154
Spain,ESP,2004,-10.465
Spain,ESP,2005,-17.35
Spain,ESP,2006,22.494
Spain,ESP,2007,10.78
Spain,ESP,2008,6.652
Spain,ESP,2009,18.1
Spain,ESP,2010,36.3
Spain,ESP,2011,-9.394
Spain,ESP,2012,2.125
Spain,ESP,2013,18.591
Spain,ESP,2014,-0.967
Spain,ESP,2015,-11.902
Spain,ESP,2016,7.367
Spain,ESP,2017,-14.79
Spain,ESP,2018,18.857
Spain,ESP,2019,-3.558
Sri Lanka,LKA,1966,9.315
Sri Lanka,LKA,1967,2.757
Sri Lanka,LKA,1968,15.61
Sri Lanka,LKA,1969,15.823
Sri Lanka,LKA,1970,34.845
Sri Lanka,LKA,1971,11.509
Sri Lanka,LKA,1972,2.617
Sri Lanka,LKA,1973,-17.873
Sri Lanka,LKA,1974,43.395
Sri Lanka,LKA,1975,7.919
Sri Lanka,LKA,1976,3.056
Sri Lanka,LKA,1977,9.41
Sri Lanka,LKA,1978,12.555
Sri Lanka,LKA,1979,6.99
Sri Lanka,LKA,1980,1.252
Sri Lanka,LKA,1981,6.182
Sri Lanka,LKA,1982,2.291
Sri Lanka,LKA,1983,-24.285
Sri Lanka,LKA,1984,71.886
Sri Lanka,LKA,1985,14.501
Sri Lanka,LKA,1986,10.415
Sri Lanka,LKA,1987,-17.697
Sri Lanka,LKA,1988,19.279
Sri Lanka,LKA,1989,7.875
Sri Lanka,LKA,1990,12.266
Sri Lanka,LKA,1991,-0.897
Sri Lanka,LKA,1992,-6.953
Sri Lanka,LKA,1993,30.901
Sri Lanka,LKA,1994,7.721
Sri Lanka,LKA,1995,10.393
Sri Lanka,LKA,1996,-27.961
Sri Lanka,LKA,1997,6.008
Sri Lanka,LKA,1998,13.567
Sri Lanka,LKA,1999,6.796
Sri Lanka,LKA,2000,-23.271
Sri Lanka,LKA,2001,-3.306
Sri Lanka,LKA,2002,-13.906
Sri Lanka,LKA,2003,22.093
Sri Lanka,LKA,2004,-11.067
Sri Lanka,LKA,2005,15.839
Sri Lanka,LKA,2006,33.289
Sri Lanka,LKA,2007,-15.298
Sri Lanka,LKA,2008,4.107
Sri Lanka,LKA,2009,-6.122
Sri Lanka,LKA,2010,45.302
Sri Lanka,LKA,2011,-18.307
Sri Lanka,LKA,2012,-26.629
Sri Lanka,LKA,2013,105.713
Sri Lanka,LKA,2014,-32.332
Sri Lanka,LKA,2015,30.304
Sri Lanka,LKA,2016,-26.843
Sri Lanka,LKA,2017,-1.461
Sri Lanka,LKA,2018,52.501
Sri Lanka,LKA,2019,-21.708
Sweden,SWE,1966,-2.012
Sweden,SWE,1967,8.347
Sweden,SWE,1968,-1.11
Sweden,SWE,1969,-14.176
Sweden,SWE,1970,-0.504
Sweden,SWE,1971,25.356
Sweden,SWE,1972,3.444
Sweden,SWE,1973,11.677
Sweden,SWE,1974,-4.395
Sweden,SWE,1975,0.583
Sweden,SWE,1976,-4.783
Sweden,SWE,1977,-2.412
Sweden,SWE,1978,7.75
Sweden,SWE,1979,5.856
Sweden,SWE,1980,-2.992
Sweden,SWE,1981,1.821
Sweden,SWE,1982,-7.591
Sweden,SWE,1983,15.92
Sweden,SWE,1984,7.331
Sweden,SWE,1985,4.354
Sweden,SWE,1986,-13.568
Sweden,SWE,1987,17.324
Sweden,SWE,1988,-2.56
Sweden,SWE,1989,2.801
Sweden,SWE,1990,0.695
Sweden,SWE,1991,-12.539
Sweden,SWE,1992,17.326
Sweden,SWE,1993,0.61
Sweden,SWE,1994,-20.123
Sweden,SWE,1995,14.908
Sweden,SWE,1996,-23.461
Sweden,SWE,1997,33.387
Sweden,SWE,1998,8.05
Sweden,SWE,1999,-3.964
Sweden,SWE,2000,11.229
Sweden,SWE,2001,-0.432
Sweden,SWE,2002,-15.168
Sweden,SWE,2003,-17.976
Sweden,SWE,2004,16.129
Sweden,SWE,2005,18.411
Sweden,SWE,2006,-12.816
Sweden,SWE,2007,8.416
Sweden,SWE,2008,5.078
Sweden,SWE,2009,-3.13
Sweden,SWE,2010,3.788
Sweden,SWE,2011,2.883
Sweden,SWE,2012,15.43
Sweden,SWE,2013,-15.975
Sweden,SWE,2014,4.085
Sweden,SWE,2015,18.806
Sweden,SWE,2016,-11.622
Sweden,SWE,2017,6.298
Sweden,SWE,2018,-4.72
Sweden,SWE,2019,8.385
Switzerland,CHE,1966,14.198
Switzerland,CHE,1967,8.473
Switzerland,CHE,1968,-1.122
Switzerland,CHE,1969,-4.304
Switzerland,CHE,1970,3.284
Switzerland,CHE,1971,-0.442
Switzerland,CHE,1972,-16.56
Switzerland,CHE,1973,9.708
Switzerland,CHE,1974,4.753
Switzerland,CHE,1975,15.746
Switzerland,CHE,1976,-19.811
Switzerland,CHE,1977,34.974
Switzerland,CHE,1978,-9.262
Switzerland,CHE,1979,-5.329
Switzerland,CHE,1980,12.177
Switzerland,CHE,1981,5.771
Switzerland,CHE,1982,2.251
Switzerland,CHE,1983,-2.482
Switzerland,CHE,1984,-14.654
Switzerland,CHE,1985,7.118
Switzerland,CHE,1986,2.919
Switzerland,CHE,1987,5.462
Switzerland,CHE,1988,3.19
Switzerland,CHE,1989,-16.537
Switzerland,CHE,1990,-0.221
Switzerland,CHE,1991,7.545
Switzerland,CHE,1992,2.071
Switzerland,CHE,1993,9.293
Switzerland,CHE,1994,9.238
Switzerland,CHE,1995,-9.781
Switzerland,CHE,1996,-17.85
Switzerland,CHE,1997,18.194
Switzerland,CHE,1998,-1.55
Switzerland,CHE,1999,19.297
Switzerland,CHE,2000,-7.569
Switzerland,CHE,2001,11.298
Switzerland,CHE,2002,-15.037
Switzerland,CHE,2003,-1.689
Switzerland,CHE,2004,-3.347
Switzerland,CHE,2005,-7.699
Switzerland,CHE,2006,-1.057
Switzerland,CHE,2007,12.801
Switzerland,CHE,2008,1.686
Switzerland,CHE,2009,-1.393
Switzerland,CHE,2010,0.552
Switzerland,CHE,2011,-9.764
Switzerland,CHE,2012,18.392
Switzerland,CHE,2013,-0.25
Switzerland,CHE,2014,-0.618
Switzerland,CHE,2015,0.475
Switzerland,CHE,2016,-8.568
Switzerland,CHE,2017,-0.708
Switzerland,CHE,2018,1.356
Switzerland,CHE,2019,0.566
Taiwan,TWN,1966,2.9
Taiwan,TWN,1967,-1.015
Taiwan,TWN,1968,46.697
Taiwan,TWN,1969,-21.014
Taiwan,TWN,1970,-6.127
Taiwan,TWN,1971,7.888
Taiwan,TWN,1972,17.632
Taiwan,TWN,1973,-6.518
Taiwan,TWN,1974,38.423
Taiwan,TWN,1975,11.817
Taiwan,TWN,1976,-18.609
Taiwan,TWN,1977,-6.049
Taiwan,TWN,1978,23.44
Taiwan,TWN,1979,-8.035
Taiwan,TWN,1980,-35.932
Taiwan,TWN,1981,63.739
Taiwan,TWN,1982,-0.031
Taiwan,TWN,1983,4.234
Taiwan,TWN,1984,-12.088
Taiwan,TWN,1985,36.804
Taiwan,TWN,1986,2.171
Taiwan,TWN,1987,-10.15
Taiwan,TWN,1988,-15.146
Taiwan,TWN,1989,10.77
Taiwan,TWN,1990,29.854
Taiwan,TWN,1991,-36.852
Taiwan,TWN,1992,64.238
Taiwan,TWN,1993,-35.9
Taiwan,TWN,1994,21.791
Taiwan,TWN,1995,-1.664
Taiwan,TWN,1996,-0.336
Taiwan,TWN,1997,8.008
Taiwan,TWN,1998,18.269
Taiwan,TWN,1999,-14.884
Taiwan,TWN,2000,-3.179
Taiwan,TWN,2001,14.344
Taiwan,TWN,2002,-30.552
Taiwan,TWN,2003,6.546
Taiwan,TWN,2004,4.187
Taiwan,TWN,2005,15.858
Taiwan,TWN,2006,4.203
Taiwan,TWN,2007,7.793
Taiwan,TWN,2008,-1.031
Taiwan,TWN,2009,-6.878
Taiwan,TWN,2010,11.838
Taiwan,TWN,2011,3.854
Taiwan,TWN,2012,22.151
Taiwan,TWN,2013,1.054
Taiwan,TWN,2014,-10.923
Taiwan,TWN,2015,5.732
Taiwan,TWN,2016,24.752
Taiwan,TWN,2017,-3.61
Taiwan,TWN,2018,0.635
Taiwan,TWN,2019,24.348
Thailand,THA,1966,26.516
Thailand,THA,1967,28.571
Thailand,THA,1968,2.705
Thailand,THA,1969,-25.552
Thailand,THA,1970,70.841
Thailand,THA,1971,14.605
Thailand,THA,1972,-15.625
Thailand,THA,1973,8.796
Thailand,THA,1974,30.745
Thailand,THA,1975,38.283
Thailand,THA,1976,7.002
Thailand,THA,1977,-10.228
Thailand,THA,1978,-35.375
Thailand,THA,1979,54.645
Thailand,THA,1980,-60.987
Thailand,THA,1981,133.621
Thailand,THA,1982,28.985
Thailand,THA,1983,-4.588
Thailand,THA,1984,11.503
Thailand,THA,1985,-9.556
Thailand,THA,1986,49.87
Thailand,THA,1987,-26.584
Thailand,THA,1988,-7.702
Thailand,THA,1989,47.632
Thailand,THA,1990,-10.999
Thailand,THA,1991,-7.921
Thailand,THA,1992,-7.833
Thailand,THA,1993,-12.868
Thailand,THA,1994,22.308
Thailand,THA,1995,51.217
Thailand,THA,1996,10.19
Thailand,THA,1997,-0.898
Thailand,THA,1998,-26.608
Thailand,THA,1999,-28.55
Thailand,THA,2000,66.403
Thailand,THA,2001,5.188
Thailand,THA,2002,18.711
Thailand,THA,2003,3.274
Thailand,THA,2004,-8.72
Thailand,THA,2005,-1.535
Thailand,THA,2006,32.847
Thailand,THA,2007,7.021
Thailand,THA,2008,1.429
Thailand,THA,2009,6.878
Thailand,THA,2010,-3.72
Thailand,THA,2011,28.91
Thailand,THA,2012,16.7
Thailand,THA,2013,1.212
Thailand,THA,2014,14.797
Thailand,THA,2015,1.115
Thailand,THA,2016,10.905
Thailand,THA,2017,17.865
Thailand,THA,2018,22.698
Thailand,THA,2019,10.962
Trinidad and Tobago,TTO,1972,0
Trinidad and Tobago,TTO,1973,-17.143
Trinidad and Tobago,TTO,1974,-13.793
Trinidad and Tobago,TTO,1975,-8
Trinidad and Tobago,TTO,1976,-17.391
Trinidad and Tobago,TTO,1977,21.053
Trinidad and Tobago,TTO,1978,26.087
Trinidad and Tobago,TTO,1979,0
Trinidad and Tobago,TTO,1980,-10.345
Trinidad and Tobago,TTO,1981,-26.923
Trinidad and Tobago,TTO,1982,-5.263
Trinidad and Tobago,TTO,1983,-11.111
Trinidad and Tobago,TTO,1984,-18.75
Trinidad and Tobago,TTO,1985,30.769
Trinidad and Tobago,TTO,1986,52.941
Trinidad and Tobago,TTO,1987,19.231
Trinidad and Tobago,TTO,1988,-12.903
Trinidad and Tobago,TTO,1989,-3.704
Trinidad and Tobago,TTO,1990,19.231
Trinidad and Tobago,TTO,1991,-19.355
Trinidad and Tobago,TTO,1992,20
Trinidad and Tobago,TTO,1993,-6.667
Trinidad and Tobago,TTO,1994,14.286
Trinidad and Tobago,TTO,1995,3.125
Trinidad and Tobago,TTO,1996,-48.485
Trinidad and Tobago,TTO,1997,5.882
Trinidad and Tobago,TTO,1998,0
Trinidad and Tobago,TTO,1999,0
Trinidad and Tobago,TTO,2000,11.817
Trinidad and Tobago,TTO,2001,46.284
Trinidad and Tobago,TTO,2002,-9.597
Trinidad and Tobago,TTO,2003,-50.263
Trinidad and Tobago,TTO,2004,85.322
Trinidad and Tobago,TTO,2005,-3.933
Trinidad and Tobago,TTO,2006,17.119
Trinidad and Tobago,TTO,2007,-24.199
Trinidad and Tobago,TTO,2008,5.051
Trinidad and Tobago,TTO,2009,-3.174
Trinidad and Tobago,TTO,2010,-82.341
Trinidad and Tobago,TTO,2011,-0.61
Trinidad and Tobago,TTO,2012,-0.606
Trinidad and Tobago,TTO,2013,-0.603
Trinidad and Tobago,TTO,2014,11.417
Trinidad and Tobago,TTO,2015,14.09
Trinidad and Tobago,TTO,2016,-0.592
Trinidad and Tobago,TTO,2017,-0.588
Trinidad and Tobago,TTO,2018,-9.868
Trinidad and Tobago,TTO,2019,-0.369
Turkey,TUR,1966,7.946
Turkey,TUR,1967,3.849
Turkey,TUR,1968,31.274
Turkey,TUR,1969,8.024
Turkey,TUR,1970,-11.706
Turkey,TUR,1971,-13.336
Turkey,TUR,1972,21.896
Turkey,TUR,1973,-17.128
Turkey,TUR,1974,27.225
Turkey,TUR,1975,71.876
Turkey,TUR,1976,39.392
Turkey,TUR,1977,2.982
Turkey,TUR,1978,7.753
Turkey,TUR,1979,10.158
Turkey,TUR,1980,10.066
Turkey,TUR,1981,10.814
Turkey,TUR,1982,11.32
Turkey,TUR,1983,-19.934
Turkey,TUR,1984,18.564
Turkey,TUR,1985,-10.392
Turkey,TUR,1986,-1.118
Turkey,TUR,1987,56.725
Turkey,TUR,1988,55.378
Turkey,TUR,1989,-37.962
Turkey,TUR,1990,29.027
Turkey,TUR,1991,-1.828
Turkey,TUR,1992,17.023
Turkey,TUR,1993,27.732
Turkey,TUR,1994,-9.884
Turkey,TUR,1995,16.712
Turkey,TUR,1996,13.627
Turkey,TUR,1997,-1.329
Turkey,TUR,1998,5.891
Turkey,TUR,1999,-17.971
Turkey,TUR,2000,-10.766
Turkey,TUR,2001,-22.359
Turkey,TUR,2002,38.616
Turkey,TUR,2003,4.016
Turkey,TUR,2004,29.408
Turkey,TUR,2005,-14.714
Turkey,TUR,2006,11.308
Turkey,TUR,2007,-18.628
Turkey,TUR,2008,-6.171
Turkey,TUR,2009,10.124
Turkey,TUR,2010,45.181
Turkey,TUR,2011,3.648
Turkey,TUR,2012,11.572
Turkey,TUR,2013,5.502
Turkey,TUR,2014,-24.432
Turkey,TUR,2015,58.013
Turkey,TUR,2016,7.235
Turkey,TUR,2017,-3.872
Turkey,TUR,2018,11.383
Turkey,TUR,2019,37.057
Turkmenistan,TKM,1986,0
Turkmenistan,TKM,1987,0
Turkmenistan,TKM,1988,0
Turkmenistan,TKM,1989,0
Turkmenistan,TKM,1990,0
Turkmenistan,TKM,1991,0
Turkmenistan,TKM,1992,40
Turkmenistan,TKM,1993,19.048
Turkmenistan,TKM,1994,-20
Turkmenistan,TKM,1995,0
Turkmenistan,TKM,1996,25
Turkmenistan,TKM,1997,0
Turkmenistan,TKM,1998,20
Turkmenistan,TKM,1999,-16.667
Turkmenistan,TKM,2000,-36.92
Turkmenistan,TKM,2001,-0.649
Turkmenistan,TKM,2002,-0.645
Turkmenistan,TKM,2003,-0.641
Turkmenistan,TKM,2004,-0.637
Turkmenistan,TKM,2005,-0.633
Turkmenistan,TKM,2006,-0.629
Turkmenistan,TKM,2007,-0.625
Turkmenistan,TKM,2008,-0.621
Turkmenistan,TKM,2009,-0.617
Turkmenistan,TKM,2010,4.412
Turkmenistan,TKM,2011,8.306
Turkmenistan,TKM,2012,13.837
Turkmenistan,TKM,2013,20.244
Turkmenistan,TKM,2014,24.61
Turkmenistan,TKM,2015,32.73
Turkmenistan,TKM,2016,20.29
Turkmenistan,TKM,2017,-0.775
Turkmenistan,TKM,2018,-0.585
Turkmenistan,TKM,2019,-0.369
Ukraine,UKR,1986,-0.536
Ukraine,UKR,1987,-9.954
Ukraine,UKR,1988,24.367
Ukraine,UKR,1989,-15.111
Ukraine,UKR,1990,3.798
Ukraine,UKR,1991,11.375
Ukraine,UKR,1992,-32.681
Ukraine,UKR,1993,40.036
Ukraine,UKR,1994,9.774
Ukraine,UKR,1995,-17.866
Ukraine,UKR,1996,-13.272
Ukraine,UKR,1997,14.18
Ukraine,UKR,1998,59.72
Ukraine,UKR,1999,-8.989
Ukraine,UKR,2000,-21.268
Ukraine,UKR,2001,6.115
Ukraine,UKR,2002,-20.429
Ukraine,UKR,2003,-4.554
Ukraine,UKR,2004,26.345
Ukraine,UKR,2005,4.552
Ukraine,UKR,2006,3.538
Ukraine,UKR,2007,-19.483
Ukraine,UKR,2008,12.213
Ukraine,UKR,2009,1.88
Ukraine,UKR,2010,9.819
Ukraine,UKR,2011,-16.885
Ukraine,UKR,2012,-0.28
Ukraine,UKR,2013,33.73
Ukraine,UKR,2014,-33.133
Ukraine,UKR,2015,-30.563
Ukraine,UKR,2016,29.56
Ukraine,UKR,2017,16.662
Ukraine,UKR,2018,18.462
Ukraine,UKR,2019,-8.632
United Arab Emirates,ARE,2010,188.18
United Arab Emirates,ARE,2011,11.647
United Arab Emirates,ARE,2012,16.423
United Arab Emirates,ARE,2013,256.769
United Arab Emirates,ARE,2014,262.603
United Arab Emirates,ARE,2015,-0.35
United Arab Emirates,ARE,2016,8.255
United Arab Emirates,ARE,2017,127.438
United Arab Emirates,ARE,2018,65.73
United Arab Emirates,ARE,2019,214.85
United Kingdom,GBR,1966,-1.648
United Kingdom,GBR,1967,7.694
United Kingdom,GBR,1968,-23.808
United Kingdom,GBR,1969,-12.52
United Kingdom,GBR,1970,39.312
United Kingdom,GBR,1971,-25.639
United Kingdom,GBR,1972,0
United Kingdom,GBR,1973,13.786
United Kingdom,GBR,1974,6.071
United Kingdom,GBR,1975,-5.723
United Kingdom,GBR,1976,18.187
United Kingdom,GBR,1977,-12.831
United Kingdom,GBR,1978,2.959
United Kingdom,GBR,1979,5.699
United Kingdom,GBR,1980,-8.111
United Kingdom,GBR,1981,11.76
United Kingdom,GBR,1982,2.648
United Kingdom,GBR,1983,0
United Kingdom,GBR,1984,0.022
United Kingdom,GBR,1985,-12.823
United Kingdom,GBR,1986,20.583
United Kingdom,GBR,1987,-12.214
United Kingdom,GBR,1988,16.691
United Kingdom,GBR,1989,-2.217
United Kingdom,GBR,1990,19.775
United Kingdom,GBR,1991,-8.553
United Kingdom,GBR,1992,20.724
United Kingdom,GBR,1993,-9.481
United Kingdom,GBR,1994,22.063
United Kingdom,GBR,1995,-4.214
United Kingdom,GBR,1996,-14.913
United Kingdom,GBR,1997,26.094
United Kingdom,GBR,1998,20.576
United Kingdom,GBR,1999,11.179
United Kingdom,GBR,2000,3.108
United Kingdom,GBR,2001,-4.326
United Kingdom,GBR,2002,15.885
United Kingdom,GBR,2003,-3.979
United Kingdom,GBR,2004,31.241
United Kingdom,GBR,2005,20.633
United Kingdom,GBR,2006,8.836
United Kingdom,GBR,2007,11.592
United Kingdom,GBR,2008,19.075
United Kingdom,GBR,2009,15.871
United Kingdom,GBR,2010,5.143
United Kingdom,GBR,2011,26.909
United Kingdom,GBR,2012,12.594
United Kingdom,GBR,2013,26.948
United Kingdom,GBR,2014,19.984
United Kingdom,GBR,2015,24.698
United Kingdom,GBR,2016,-0.643
United Kingdom,GBR,2017,17.039
United Kingdom,GBR,2018,11.782
United Kingdom,GBR,2019,9.098
United States,USA,1966,0.797
United States,USA,1967,12.755
United States,USA,1968,0.997
United States,USA,1969,11.717
United States,USA,1970,-0.928
United States,USA,1971,7.085
United States,USA,1972,2.96
United States,USA,1973,0.274
United States,USA,1974,9.888
United States,USA,1975,-0.525
United States,USA,1976,-4.167
United States,USA,1977,-20.165
United States,USA,1978,24.706
United States,USA,1979,0.22
United States,USA,1980,-0.973
United States,USA,1981,-4.786
United States,USA,1982,16.349
United States,USA,1983,7.766
United States,USA,1984,-1.437
United States,USA,1985,-10.904
United States,USA,1986,3.74
United States,USA,1987,-11.202
United States,USA,1988,-9.159
United States,USA,1989,20.376
United States,USA,1990,10.223
United States,USA,1991,-0.162
United States,USA,1992,-8.575
United States,USA,1993,9.615
United States,USA,1994,-5.239
United States,USA,1995,14.476
United States,USA,1996,8.889
United States,USA,1997,2.758
United States,USA,1998,-7.618
United States,USA,1999,-0.666
United States,USA,2000,-10.197
United States,USA,2001,-17.253
United States,USA,2002,19.13
United States,USA,2003,4.563
United States,USA,2004,0.136
United States,USA,2005,2.955
United States,USA,2006,10.34
United States,USA,2007,-5.041
United States,USA,2008,12.233
United States,USA,2009,10.362
United States,USA,2010,4.287
United States,USA,2011,16.791
United States,USA,2012,-2.878
United States,USA,2013,5.914
United States,USA,2014,2.726
United States,USA,2015,1.738
United States,USA,2016,10.815
United States,USA,2017,9.936
United States,USA,2018,2.323
United States,USA,2019,1.871
Uzbekistan,UZB,1986,-14.972
Uzbekistan,UZB,1987,46.603
Uzbekistan,UZB,1988,5.809
Uzbekistan,UZB,1989,-23.196
Uzbekistan,UZB,1990,20.825
Uzbekistan,UZB,1991,-9.281
Uzbekistan,UZB,1992,4.145
Uzbekistan,UZB,1993,17.147
Uzbekistan,UZB,1994,-2.745
Uzbekistan,UZB,1995,-13.527
Uzbekistan,UZB,1996,5.446
Uzbekistan,UZB,1997,-11.464
Uzbekistan,UZB,1998,-0.329
Uzbekistan,UZB,1999,-1.146
Uzbekistan,UZB,2000,3.285
Uzbekistan,UZB,2001,1.683
Uzbekistan,UZB,2002,2.145
Uzbekistan,UZB,2003,14.921
Uzbekistan,UZB,2004,-9.823
Uzbekistan,UZB,2005,5.216
Uzbekistan,UZB,2006,-15.456
Uzbekistan,UZB,2007,9.693
Uzbekistan,UZB,2008,-32.498
Uzbekistan,UZB,2009,46.909
Uzbekistan,UZB,2010,25.582
Uzbekistan,UZB,2011,-30.587
Uzbekistan,UZB,2012,10.403
Uzbekistan,UZB,2013,-1.932
Uzbekistan,UZB,2014,-1.946
Uzbekistan,UZB,2015,-3.239
Uzbekistan,UZB,2016,20.988
Uzbekistan,UZB,2017,14.344
Uzbekistan,UZB,2018,-30.418
Uzbekistan,UZB,2019,9.848
Venezuela,VEN,1966,1.899
Venezuela,VEN,1967,17.276
Venezuela,VEN,1968,67.971
Venezuela,VEN,1969,16.084
Venezuela,VEN,1970,28.652
Venezuela,VEN,1971,31.335
Venezuela,VEN,1972,11.688
Venezuela,VEN,1973,3.405
Venezuela,VEN,1974,23.807
Venezuela,VEN,1975,15.882
Venezuela,VEN,1976,18.441
Venezuela,VEN,1977,14.984
Venezuela,VEN,1978,0.567
Venezuela,VEN,1979,16.416
Venezuela,VEN,1980,2.437
Venezuela,VEN,1981,3.435
Venezuela,VEN,1982,4.812
Venezuela,VEN,1983,14.222
Venezuela,VEN,1984,12.069
Venezuela,VEN,1985,11.881
Venezuela,VEN,1986,11.087
Venezuela,VEN,1987,22.592
Venezuela,VEN,1988,10.894
Venezuela,VEN,1989,1.354
Venezuela,VEN,1990,6.684
Venezuela,VEN,1991,20.439
Venezuela,VEN,1992,6.127
Venezuela,VEN,1993,0.438
Venezuela,VEN,1994,8.016
Venezuela,VEN,1995,0.324
Venezuela,VEN,1996,4.659
Venezuela,VEN,1997,6.353
Venezuela,VEN,1998,1.144
Venezuela,VEN,1999,4.622
Venezuela,VEN,2000,3.772
Venezuela,VEN,2001,-4.512
Venezuela,VEN,2002,-2.136
Venezuela,VEN,2003,1.025
Venezuela,VEN,2004,15.028
Venezuela,VEN,2005,9.312
Venezuela,VEN,2006,4.946
Venezuela,VEN,2007,1.354
Venezuela,VEN,2008,3.781
Venezuela,VEN,2009,-1.619
Venezuela,VEN,2010,-11.239
Venezuela,VEN,2011,7.811
Venezuela,VEN,2012,-2.3
Venezuela,VEN,2013,1.428
Venezuela,VEN,2014,-6.148
Venezuela,VEN,2015,-7.344
Venezuela,VEN,2016,-16.433
Venezuela,VEN,2017,-4.459
Venezuela,VEN,2018,-4.458
Venezuela,VEN,2019,10.873
Vietnam,VNM,1966,14.706
Vietnam,VNM,1967,10.256
Vietnam,VNM,1968,11.628
Vietnam,VNM,1969,12.5
Vietnam,VNM,1970,11.111
Vietnam,VNM,1971,2.333
Vietnam,VNM,1972,-31.27
Vietnam,VNM,1973,-0.474
Vietnam,VNM,1974,0
Vietnam,VNM,1975,19.048
Vietnam,VNM,1976,11.4
Vietnam,VNM,1977,7.72
Vietnam,VNM,1978,33.333
Vietnam,VNM,1979,25
Vietnam,VNM,1980,48.8
Vietnam,VNM,1981,1.277
Vietnam,VNM,1982,3.517
Vietnam,VNM,1983,-21.603
Vietnam,VNM,1984,30.744
Vietnam,VNM,1985,-7.63
Vietnam,VNM,1986,-4.739
Vietnam,VNM,1987,-1.635
Vietnam,VNM,1988,29.408
Vietnam,VNM,1989,114.294
Vietnam,VNM,1990,39.891
Vietnam,VNM,1991,17.657
Vietnam,VNM,1992,14.421
Vietnam,VNM,1993,10.196
Vietnam,VNM,1994,16.045
Vietnam,VNM,1995,14.487
Vietnam,VNM,1996,13.476
Vietnam,VNM,1997,-2.923
Vietnam,VNM,1998,-4.821
Vietnam,VNM,1999,24.146
Vietnam,VNM,2000,5.641
Vietnam,VNM,2001,24.333
Vietnam,VNM,2002,-0.711
Vietnam,VNM,2003,3.661
Vietnam,VNM,2004,-6.75
Vietnam,VNM,2005,-7.509
Vietnam,VNM,2006,18.49
Vietnam,VNM,2007,13.144
Vietnam,VNM,2008,14.936
Vietnam,VNM,2009,14.686
Vietnam,VNM,2010,-5.325
Vietnam,VNM,2011,42.972
Vietnam,VNM,2012,28.916
Vietnam,VNM,2013,7.853
Vietnam,VNM,2014,6.857
Vietnam,VNM,2015,-8.374
Vietnam,VNM,2016,14.829
Vietnam,VNM,2017,33.558
Vietnam,VNM,2018,-5.193
Vietnam,VNM,2019,-17.572
